CREATE DATABASE  IF NOT EXISTS `webtoondb` /*!40100 DEFAULT CHARACTER SET utf8mb4 COLLATE utf8mb4_0900_ai_ci */ /*!80016 DEFAULT ENCRYPTION='N' */;
USE `webtoondb`;
-- MySQL dump 10.13  Distrib 8.0.21, for Win64 (x86_64)
--
-- Host: localhost    Database: webtoondb
-- ------------------------------------------------------
-- Server version	8.0.21

/*!40101 SET @OLD_CHARACTER_SET_CLIENT=@@CHARACTER_SET_CLIENT */;
/*!40101 SET @OLD_CHARACTER_SET_RESULTS=@@CHARACTER_SET_RESULTS */;
/*!40101 SET @OLD_COLLATION_CONNECTION=@@COLLATION_CONNECTION */;
/*!50503 SET NAMES utf8 */;
/*!40103 SET @OLD_TIME_ZONE=@@TIME_ZONE */;
/*!40103 SET TIME_ZONE='+00:00' */;
/*!40014 SET @OLD_UNIQUE_CHECKS=@@UNIQUE_CHECKS, UNIQUE_CHECKS=0 */;
/*!40014 SET @OLD_FOREIGN_KEY_CHECKS=@@FOREIGN_KEY_CHECKS, FOREIGN_KEY_CHECKS=0 */;
/*!40101 SET @OLD_SQL_MODE=@@SQL_MODE, SQL_MODE='NO_AUTO_VALUE_ON_ZERO' */;
/*!40111 SET @OLD_SQL_NOTES=@@SQL_NOTES, SQL_NOTES=0 */;

--
-- Table structure for table `board_comment`
--

DROP TABLE IF EXISTS `board_comment`;
/*!40101 SET @saved_cs_client     = @@character_set_client */;
/*!50503 SET character_set_client = utf8mb4 */;
CREATE TABLE `board_comment` (
  `bd_num` int DEFAULT NULL,
  `cm_id` int NOT NULL AUTO_INCREMENT,
  `cm_writer` varchar(45) DEFAULT NULL,
  `cm_date` datetime DEFAULT CURRENT_TIMESTAMP,
  `cm_content` varchar(1000) DEFAULT NULL,
  `cm_like` int DEFAULT NULL,
  `email` varchar(45) DEFAULT NULL,
  PRIMARY KEY (`cm_id`)
) ENGINE=InnoDB AUTO_INCREMENT=18 DEFAULT CHARSET=utf8mb4 COLLATE=utf8mb4_0900_ai_ci;
/*!40101 SET character_set_client = @saved_cs_client */;

--
-- Dumping data for table `board_comment`
--

LOCK TABLES `board_comment` WRITE;
/*!40000 ALTER TABLE `board_comment` DISABLE KEYS */;
INSERT INTO `board_comment` VALUES (15,14,'용미장','2020-12-14 14:44:57','그리고 너는 나의 별이 되었다.',0,'yong@naver.com'),(15,15,'민수','2020-12-14 14:45:44','둘 다 뭐하세요 ',0,'minsu@naver.com'),(24,16,'재욱','2021-06-07 18:15:15','asdasd',0,'okk@naver.com'),(24,17,'재욱','2021-06-07 18:15:18','sadfwaercqw3r',0,'okk@naver.com');
/*!40000 ALTER TABLE `board_comment` ENABLE KEYS */;
UNLOCK TABLES;

--
-- Table structure for table `my_toon`
--

DROP TABLE IF EXISTS `my_toon`;
/*!40101 SET @saved_cs_client     = @@character_set_client */;
/*!50503 SET character_set_client = utf8mb4 */;
CREATE TABLE `my_toon` (
  `mt_title` varchar(45) NOT NULL,
  `mt_user` varchar(45) NOT NULL,
  `mt_imgsrc` mediumtext NOT NULL,
  `mt_url` mediumtext NOT NULL,
  PRIMARY KEY (`mt_title`)
) ENGINE=InnoDB DEFAULT CHARSET=utf8mb4 COLLATE=utf8mb4_0900_ai_ci;
/*!40101 SET character_set_client = @saved_cs_client */;

--
-- Dumping data for table `my_toon`
--

LOCK TABLES `my_toon` WRITE;
/*!40000 ALTER TABLE `my_toon` DISABLE KEYS */;
/*!40000 ALTER TABLE `my_toon` ENABLE KEYS */;
UNLOCK TABLES;

--
-- Table structure for table `toon_board`
--

DROP TABLE IF EXISTS `toon_board`;
/*!40101 SET @saved_cs_client     = @@character_set_client */;
/*!50503 SET character_set_client = utf8mb4 */;
CREATE TABLE `toon_board` (
  `bd_num` int NOT NULL AUTO_INCREMENT,
  `bd_title` varchar(45) NOT NULL,
  `bd_writer` varchar(45) DEFAULT NULL,
  `bd_date` datetime DEFAULT CURRENT_TIMESTAMP,
  `bd_view` int DEFAULT NULL,
  `bd_content` mediumtext,
  `bd_img` mediumtext,
  `bd_email` varchar(50) DEFAULT NULL,
  PRIMARY KEY (`bd_num`)
) ENGINE=InnoDB AUTO_INCREMENT=25 DEFAULT CHARSET=utf8mb4 COLLATE=utf8mb4_0900_ai_ci;
/*!40101 SET character_set_client = @saved_cs_client */;

--
-- Dumping data for table `toon_board`
--

LOCK TABLES `toon_board` WRITE;
/*!40000 ALTER TABLE `toon_board` DISABLE KEYS */;
INSERT INTO `toon_board` VALUES (13,'관리자입니다.','관리','2020-12-14 05:35:34',1,'<h1><font color=\"#e51515\">게시글에 욕쓰지 마세요&nbsp;</font></h1>',NULL,'root@naver.com'),(14,'웹툰 재밌네요','창륜','2020-12-14 05:39:58',2,'<h3 style=\"text-align: center;\"><b>월요일 웹툰 신의탑 빨리 연재하세요&nbsp;</b></h3><div><b><br></b></div><div style=\"text-align: right;\"><b>으아아아ㅏ<font color=\"#74c610\">아아아아ㅏ아아</font><font color=\"#1809ec\">아아아아아아아ㅏ</font></b></div><div style=\"text-align: center;\"><font color=\"#e6450f\">으아아아아아아아ㅏ아아아아아아아아아아아아</font></div><div style=\"text-align: left;\"><font color=\"#e6450f\">으아아아아ㅏ아아아아아아아ㅏ아아아아아</font></div><div style=\"text-align: left;\"><font color=\"#e6450f\"><br></font></div><div style=\"text-align: center;\"><i>나는 이제&nbsp;&nbsp;<u>할말이&nbsp; 없다 . <b>여기까지~~~~~</b></u></i></div><div style=\"text-align: center;\"><i><u><b><br></b></u></i></div>',NULL,'jcr@naver.com'),(15,'별 헤는 밤','재욱','2020-12-14 05:41:10',5,'가슴 속에 하나 둘 새겨지는 별을 이제 다 못 헤는 것은 쉬이 아침이 오는 까닭이요, 내일 밤이 남은 까닭이요, 아직 나의 청춘이 다하지 않은 까닭입니다.&nbsp; 별 하나에 추억과 별 하나에 사랑과 별 하나에 쓸쓸함과 별 하나에 동경과 별 하나에 시와 별 하나에 어머니, 어머니<div><br></div><div><br></div><div><br></div>',NULL,'okk@naver.com'),(16,'A+ 입니다. 이번 학기도 고생하셨어요 ^^','장용미','2020-12-14 05:42:27',1,'<h1><font color=\"#f10e0e\"><b>A+</b></font></h1>',NULL,'jang@naver.com'),(17,'좀 치네','용미장','2020-12-14 05:43:56',1,'<b>great!</b><div><b><br></b></div>',NULL,'yong@naver.com'),(18,'웹툰 브금 신나네','민수','2020-12-14 05:46:32',1,'<img src=\"https://lh3.googleusercontent.com/proxy/LAqjmUniGtn__LofrgUvb9m8C5z3xw2xTqCGraYInWgin0bvz6F1E4woga_oSHmqzhs8OFWK9qE4kfpZVgphZl5CR2HwqXhG0OPbpESYhRARWDlZf5D32bRUS1WEaXv0ZlVDGvtdgftasqgZUO_YegqtheaJ8v9FRLkRcX4t3g2bKVxj43UFhjozhkCRzy0PblrKbVyzayJ6_DnvXGASExvLnMA--JjklE24VaONndCO8Ef5esOsZ_TcygUMqajO7ZXObeBHe4URH43hLUWUHFalrz0xozXoK6squ1Tu1DfeKQV1P-gBCsxYsiv7KiZOrZ0dmA\" alt=\"심슨 움짤 모음 168 GIF : 네이버 블로그\">',NULL,'minsu@naver.com'),(19,'주세요 빨리 현기증 나니까','재욱','2020-12-14 05:51:03',1,'<img src=\"https://thumbs.gfycat.com/ObeseSeparateDowitcher-size_restricted.gif\">',NULL,'okk@naver.com'),(20,'사나 gif','민수','2020-12-14 05:51:37',1,'<img src=\"https://media1.tenor.com/images/8305963b35fcdcef90028cb94ed6678f/tenor.gif\">',NULL,'minsu@naver.com'),(21,'크으,,,','민수','2020-12-14 05:54:02',1,'<img src=\"https://lh3.googleusercontent.com/proxy/cvHfkwJSvNovCxtl7FZdz8-h_8LG3EKQE_--IkHjrXr0kr9o-jjC2XugMrYs8FOgWmtyoZTpXx0FHE-uCSjT5sIGZRmkeg5lbu-omPbR5PXrTrkOBSHB4N5nveQlY5Wi77-DbrjfFKJLr7e0YgfwN4hOB4rE0mam6SrTSg6vBmUgX7FF2kd_VRdiubniGGXPyVKqrcvuqJDqZfcvX2nOrpbLWNnw9dKWQlAqZ98KafAfYn0t7vnRYGA2x66cUB7U1-PmJXk09wXCXqkHguWUn_mU-NlVzwL4dr_LJ-CUMztiRXXen_7GWV9Qg5GjwEmmK6Diyw\" alt=\"심슨 움짤 모음 168 GIF : 네이버 블로그\">',NULL,'minsu@naver.com'),(22,'흐음','민수','2020-12-14 05:56:42',1,'<img src=\"https://lh3.googleusercontent.com/proxy/2Q0EpDlQGw3-x2rtwSopWSxHcUWYeCldeGpyc2AvLBm4CwU01brdcDGufhsv3rfH2-Tz_i3mMFebGkzBWUeAQcDQsKynckWhgvraSWMB0jhrGvZap97yk25679tnffumQHaqhYMAcb_VDCKQ3GqiCjuybj5SFIBauePQ1PJFRIx7XKomDBUo6D3UVPHNLob84a4WZxm_vP3CT7rjeu_E1ozjPhRG_QK4_CIOtL4Pm13EJINuklFxfKP1ky-PkhUl_48lDvLK0o4saHfs2pUQneOusXVg-APOgkDpCvwl91Z3_kgIeMOdWAr4NvROPG0g0-vcsw\" alt=\"심슨 움짤 모음 168 GIF : 네이버 블로그\">',NULL,'minsu@naver.com'),(23,'교수님 보고 계시죠?','민수','2020-12-14 05:57:11',2,'<img src=\"https://media0.giphy.com/media/3o7qE7iHUUPHfV7xQI/giphy.gif\" alt=\"Harvey Beaks Thumbs Up GIF by Nickelodeon\">',NULL,'minsu@naver.com'),(24,'asdsa','재욱','2021-06-07 09:15:11',4,'dasdsa',NULL,'okk@naver.com');
/*!40000 ALTER TABLE `toon_board` ENABLE KEYS */;
UNLOCK TABLES;

--
-- Table structure for table `toon_user`
--

DROP TABLE IF EXISTS `toon_user`;
/*!40101 SET @saved_cs_client     = @@character_set_client */;
/*!50503 SET character_set_client = utf8mb4 */;
CREATE TABLE `toon_user` (
  `email` varchar(45) NOT NULL,
  `nick` varchar(45) DEFAULT NULL,
  `pw` varchar(45) DEFAULT NULL,
  PRIMARY KEY (`email`)
) ENGINE=InnoDB DEFAULT CHARSET=utf8mb4 COLLATE=utf8mb4_0900_ai_ci;
/*!40101 SET character_set_client = @saved_cs_client */;

--
-- Dumping data for table `toon_user`
--

LOCK TABLES `toon_user` WRITE;
/*!40000 ALTER TABLE `toon_user` DISABLE KEYS */;
INSERT INTO `toon_user` VALUES ('jang@naver.com','장용미','jang'),('jcr@naver.com','창륜','jcr'),('minsu@naver.com','민수','minsu'),('okk@naver.com','재욱','okk'),('root@naver.com','관리','root'),('yong@naver.com','용미장','yong');
/*!40000 ALTER TABLE `toon_user` ENABLE KEYS */;
UNLOCK TABLES;

--
-- Table structure for table `webtoon`
--

DROP TABLE IF EXISTS `webtoon`;
/*!40101 SET @saved_cs_client     = @@character_set_client */;
/*!50503 SET character_set_client = utf8mb4 */;
CREATE TABLE `webtoon` (
  `no` int NOT NULL AUTO_INCREMENT,
  `day` tinyint(1) DEFAULT '0',
  `title` varchar(30) DEFAULT NULL,
  `url` varchar(255) DEFAULT NULL,
  `thumb` varchar(2000) DEFAULT NULL,
  PRIMARY KEY (`no`)
) ENGINE=InnoDB AUTO_INCREMENT=405 DEFAULT CHARSET=utf8mb4 COLLATE=utf8mb4_0900_ai_ci;
/*!40101 SET character_set_client = @saved_cs_client */;

--
-- Dumping data for table `webtoon`
--

LOCK TABLES `webtoon` WRITE;
/*!40000 ALTER TABLE `webtoon` DISABLE KEYS */;
INSERT INTO `webtoon` VALUES (1,0,'신의 탑','/webtoon/list.nhn?titleId=183559&weekday=mon','https://shared-comic.pstatic.net/thumb/webtoon/183559/thumbnail/thumbnail_IMAG10_9a752bec-9ebd-4214-9449-28cf4defc650.jpg'),(2,0,'참교육','/webtoon/list.nhn?titleId=758037&weekday=mon','https://shared-comic.pstatic.net/thumb/webtoon/758037/thumbnail/thumbnail_IMAG10_a2297504-4912-4c7e-a5a8-524d6fc77103.jpg'),(3,0,'뷰티풀 군바리','/webtoon/list.nhn?titleId=648419&weekday=mon','https://shared-comic.pstatic.net/thumb/webtoon/648419/thumbnail/thumbnail_IMAG10_1421195d-13be-4cde-bcf9-0c78d51c5ea3.jpg'),(4,0,'파이게임','/webtoon/list.nhn?titleId=749632&weekday=mon','https://shared-comic.pstatic.net/thumb/webtoon/749632/thumbnail/thumbnail_IMAG10_8e2f81f2-e0c1-4e7a-8d34-ddfb10635ac5.jpg'),(5,0,'윈드브레이커','/webtoon/list.nhn?titleId=602910&weekday=mon','https://shared-comic.pstatic.net/thumb/webtoon/602910/thumbnail/thumbnail_IMAG10_8914c548-d69d-45d6-8008-bbc129e637c2.jpg'),(6,0,'소녀의 세계','/webtoon/list.nhn?titleId=654774&weekday=mon','https://shared-comic.pstatic.net/thumb/webtoon/654774/thumbnail/thumbnail_IMAG10_c966c4af-f642-4531-b39b-74c284034d9e.jpg'),(7,0,'장씨세가 호위무사','/webtoon/list.nhn?titleId=728750&weekday=mon','https://shared-comic.pstatic.net/thumb/webtoon/728750/thumbnail/thumbnail_IMAG10_d991c7c7-8068-48ce-b03b-54d4df8c8197.jpg'),(8,0,'삼매경','/webtoon/list.nhn?titleId=769317&weekday=mon','https://shared-comic.pstatic.net/thumb/webtoon/769317/thumbnail/thumbnail_IMAG10_09200bd8-ea5b-465f-aa55-f51256bfe812.jpg'),(9,0,'만렙돌파','/webtoon/list.nhn?titleId=759940&weekday=mon','https://shared-comic.pstatic.net/thumb/webtoon/759940/thumbnail/thumbnail_IMAG10_7abdbbb8-b81c-46ec-8a35-3a9730fc02fa.jpg'),(10,0,'앵무살수','/webtoon/list.nhn?titleId=739115&weekday=mon','https://shared-comic.pstatic.net/thumb/webtoon/739115/thumbnail/thumbnail_IMAG10_a206c88b-0b8c-461d-b9e0-76ae8f6ee8ff.jpg'),(11,0,'칼가는 소녀','/webtoon/list.nhn?titleId=730174&weekday=mon','https://shared-comic.pstatic.net/thumb/webtoon/730174/thumbnail/thumbnail_IMAG10_df034319-e76a-42d5-a3dd-5412c67f29d4.jpg'),(12,0,'요리GO','/webtoon/list.nhn?titleId=703849&weekday=mon','https://shared-comic.pstatic.net/thumb/webtoon/703849/thumbnail/thumbnail_IMAG10_097cd002-38ad-47d0-99b8-05d4b2044a9d.jpg'),(13,0,'유일무이 로맨스','/webtoon/list.nhn?titleId=709731&weekday=mon','https://shared-comic.pstatic.net/thumb/webtoon/709731/thumbnail/thumbnail_IMAG10_b26742fe-0090-40db-a52f-9d6c97f3ada5.jpg'),(14,0,'황제와의 하룻밤','/webtoon/list.nhn?titleId=758671&weekday=mon','https://shared-comic.pstatic.net/thumb/webtoon/758671/thumbnail/thumbnail_IMAG10_052d1275-3145-4c1a-b7ab-af39cf8a6599.jpg'),(15,0,'신입일기','/webtoon/list.nhn?titleId=773419&weekday=mon','https://shared-comic.pstatic.net/thumb/webtoon/773419/thumbnail/thumbnail_IMAG10_c5ecffe4-ccb5-4595-bae7-100739f5286b.jpg'),(16,0,'잔불의 기사','/webtoon/list.nhn?titleId=768536&weekday=mon','https://shared-comic.pstatic.net/thumb/webtoon/768536/thumbnail/thumbnail_IMAG10_b85519b9-9322-450c-93a1-27c65f9b2e53.jpg'),(17,0,'히어로메이커','/webtoon/list.nhn?titleId=21815&weekday=mon','https://shared-comic.pstatic.net/thumb/webtoon/21815/thumbnail/thumbnail_title_21815_83x90.gif'),(18,0,'오늘의 순정망화','/webtoon/list.nhn?titleId=716857&weekday=mon','https://shared-comic.pstatic.net/thumb/webtoon/716857/thumbnail/thumbnail_IMAG10_fb5f2776-982c-4891-b844-e617a907d5c9.jpg'),(19,0,'리턴 투 플레이어','/webtoon/list.nhn?titleId=752414&weekday=mon','https://shared-comic.pstatic.net/thumb/webtoon/752414/thumbnail/thumbnail_IMAG10_edfdf4b2-914c-4864-8966-7b65d52994e9.jpg'),(20,0,'수영만화일기','/webtoon/list.nhn?titleId=768534&weekday=mon','https://shared-comic.pstatic.net/thumb/webtoon/768534/thumbnail/thumbnail_IMAG10_aa734331-7228-4c02-9276-fbb7fcd27ef8.jpg'),(21,0,'결혼생활 그림일기','/webtoon/list.nhn?titleId=741891&weekday=mon','https://shared-comic.pstatic.net/thumb/webtoon/741891/thumbnail/thumbnail_IMAG10_0493a07d-a793-44e7-b6f8-7c2439cc61c9.jpg'),(22,0,'야생천사 보호구역','/webtoon/list.nhn?titleId=767919&weekday=mon','https://shared-comic.pstatic.net/thumb/webtoon/767919/thumbnail/thumbnail_IMAG10_261a0e42-cb4f-41e1-afcc-43eab555530d.jpg'),(23,0,'사랑의 헌옷수거함','/webtoon/list.nhn?titleId=758667&weekday=mon','https://shared-comic.pstatic.net/thumb/webtoon/758667/thumbnail/thumbnail_IMAG10_1c4acfac-0d64-4177-872c-477afc640a18.jpg'),(24,0,'최후의 금빛아이','/webtoon/list.nhn?titleId=772734&weekday=mon','https://shared-comic.pstatic.net/thumb/webtoon/772734/thumbnail/thumbnail_IMAG10_845ee89f-0c3d-45a5-ae8f-fdb7bb6edefd.jpg'),(25,0,'평범한 8반','/webtoon/list.nhn?titleId=597478&weekday=mon','https://shared-comic.pstatic.net/thumb/webtoon/597478/thumbnail/thumbnail_IMAG10_223dbebf-64c9-4de2-804d-0389d5c11d73.jpg'),(26,0,'순정말고 순종','/webtoon/list.nhn?titleId=761461&weekday=mon','https://shared-comic.pstatic.net/thumb/webtoon/761461/thumbnail/thumbnail_IMAG10_bc1bf7e1-0a45-4b65-8484-4e1683c57baa.jpg'),(27,0,'아는 여자애','/webtoon/list.nhn?titleId=738809&weekday=mon','https://shared-comic.pstatic.net/thumb/webtoon/738809/thumbnail/thumbnail_IMAG10_b405b08b-cb48-47ee-b6b7-10ecade65033.jpg'),(28,0,'바로 보지 않는','/webtoon/list.nhn?titleId=764041&weekday=mon','https://shared-comic.pstatic.net/thumb/webtoon/764041/thumbnail/thumbnail_IMAG10_f4bfa353-9736-49e6-af74-8aae83bfc74e.jpg'),(29,0,'꿈의 기업','/webtoon/list.nhn?titleId=687915&weekday=mon','https://shared-comic.pstatic.net/thumb/webtoon/687915/thumbnail/thumbnail_IMAG10_e03acc4a-a1ce-4ebc-a021-e3cc07af5f20.jpg'),(30,0,'모스크바의 여명','/webtoon/list.nhn?titleId=772243&weekday=mon','https://shared-comic.pstatic.net/thumb/webtoon/772243/thumbnail/thumbnail_IMAG10_03d8fba5-3abb-4801-ac40-f065a983a484.jpg'),(31,0,'브랜든','/webtoon/list.nhn?titleId=768433&weekday=mon','https://shared-comic.pstatic.net/thumb/webtoon/768433/thumbnail/thumbnail_IMAG10_5b1147a6-e70e-4229-b44d-9a20aeaa1829.jpg'),(32,0,'착한건 돈이된다','/webtoon/list.nhn?titleId=766575&weekday=mon','https://shared-comic.pstatic.net/thumb/webtoon/766575/thumbnail/thumbnail_IMAG10_ba9c6a52-98bc-4d7c-924c-7cb930e8fe6a.jpg'),(33,0,'선배, 그 립스틱 바르지 마요','/webtoon/list.nhn?titleId=762237&weekday=mon','https://shared-comic.pstatic.net/thumb/webtoon/762237/thumbnail/thumbnail_IMAG10_55ccac22-dba5-4d20-8ad0-fb7610fe8ea8.jpg'),(34,0,'침범','/webtoon/list.nhn?titleId=747273&weekday=mon','https://shared-comic.pstatic.net/thumb/webtoon/747273/thumbnail/thumbnail_IMAG10_ea1ab128-8c3f-489d-aecd-c8ce02eac15b.jpg'),(35,0,'왕따협상','/webtoon/list.nhn?titleId=752350&weekday=mon','https://shared-comic.pstatic.net/thumb/webtoon/752350/thumbnail/thumbnail_IMAG10_337ea019-5c3f-403e-a112-9244c8116c0e.jpg'),(36,0,'마지막 지수','/webtoon/list.nhn?titleId=765776&weekday=mon','https://shared-comic.pstatic.net/thumb/webtoon/765776/thumbnail/thumbnail_IMAG10_93784ff4-28e7-4848-b0e4-ae1adbd59a5a.jpg'),(37,0,'이중첩자','/webtoon/list.nhn?titleId=752413&weekday=mon','https://shared-comic.pstatic.net/thumb/webtoon/752413/thumbnail/thumbnail_IMAG10_86185923-7827-4354-9f72-a05133fbd92e.jpg'),(38,0,'살아간다','/webtoon/list.nhn?titleId=761553&weekday=mon','https://shared-comic.pstatic.net/thumb/webtoon/761553/thumbnail/thumbnail_IMAG10_c0b9bba9-d320-40d4-93ee-cd01b2f95685.jpg'),(39,0,'기사님을 지켜줘','/webtoon/list.nhn?titleId=770590&weekday=mon','https://shared-comic.pstatic.net/thumb/webtoon/770590/thumbnail/thumbnail_IMAG10_ed42b29a-9760-40e8-9281-825c004f0b23.jpg'),(40,0,'원하는 건 너 하나','/webtoon/list.nhn?titleId=752530&weekday=mon','https://shared-comic.pstatic.net/thumb/webtoon/752530/thumbnail/thumbnail_IMAG10_5482b0b9-e708-4047-885a-9c015a6faa3d.jpg'),(41,0,'라서드','/webtoon/list.nhn?titleId=756140&weekday=mon','https://shared-comic.pstatic.net/thumb/webtoon/756140/thumbnail/thumbnail_IMAG10_c80848c1-5a94-4f77-a069-e869e8995186.jpg'),(42,0,'백호랑','/webtoon/list.nhn?titleId=745654&weekday=mon','https://shared-comic.pstatic.net/thumb/webtoon/745654/thumbnail/thumbnail_IMAG10_791e7b17-10c6-46f1-ad8c-653d090fd168.jpg'),(43,0,'개밥 먹는 남자','/webtoon/list.nhn?titleId=761463&weekday=mon','https://shared-comic.pstatic.net/thumb/webtoon/761463/thumbnail/thumbnail_IMAG10_d08e69dd-1047-4ddd-9392-dafac6789044.jpg'),(44,0,'사막에 핀 달','/webtoon/list.nhn?titleId=769801&weekday=mon','https://shared-comic.pstatic.net/thumb/webtoon/769801/thumbnail/thumbnail_IMAG10_3b4e3c67-bded-4ee9-a775-5c744673f8f8.jpg'),(45,0,'이탄국의 자청비','/webtoon/list.nhn?titleId=759420&weekday=mon','https://shared-comic.pstatic.net/thumb/webtoon/759420/thumbnail/thumbnail_IMAG10_fca0896c-4b50-40eb-b037-499f453dcb9e.jpg'),(46,0,'중독연구소','/webtoon/list.nhn?titleId=740132&weekday=mon','https://shared-comic.pstatic.net/thumb/webtoon/740132/thumbnail/thumbnail_IMAG10_75fe6ace-e0ba-4e97-95ac-ac1144395b11.jpg'),(47,0,'모락모락 왕세자님','/webtoon/list.nhn?titleId=734918&weekday=mon','https://shared-comic.pstatic.net/thumb/webtoon/734918/thumbnail/thumbnail_IMAG10_c4eb0e76-aedd-45b3-9c5b-964db66bd69c.jpg'),(48,0,'드로잉 레시피','/webtoon/list.nhn?titleId=750493&weekday=mon','https://shared-comic.pstatic.net/thumb/webtoon/750493/thumbnail/thumbnail_IMAG10_171a5039-1ee8-476e-b321-0681525c51fd.jpg'),(49,0,'백수세끼','/webtoon/list.nhn?titleId=733074&weekday=mon','https://shared-comic.pstatic.net/thumb/webtoon/733074/thumbnail/thumbnail_IMAG10_0741d1f6-2bae-474b-87ae-6f1a69988808.jpg'),(50,0,'그림자 신부','/webtoon/list.nhn?titleId=767979&weekday=mon','https://shared-comic.pstatic.net/thumb/webtoon/767979/thumbnail/thumbnail_IMAG10_9825a874-1e45-4d0c-8637-e9c1345085dd.jpg'),(51,0,'오로지 오로라','/webtoon/list.nhn?titleId=764623&weekday=mon','https://shared-comic.pstatic.net/thumb/webtoon/764623/thumbnail/thumbnail_IMAG10_f313d5ed-410b-4892-91f8-d77e385423c3.jpg'),(52,0,'트리거','/webtoon/list.nhn?titleId=764480&weekday=mon','https://shared-comic.pstatic.net/thumb/webtoon/764480/thumbnail/thumbnail_IMAG10_079ee088-f175-40ed-9553-8bf2eb10e025.jpg'),(53,0,'헬로맨스','/webtoon/list.nhn?titleId=754872&weekday=mon','https://shared-comic.pstatic.net/thumb/webtoon/754872/thumbnail/thumbnail_IMAG10_6c4d0e20-77a0-43ef-881a-6798f874278b.jpg'),(54,0,'보살님이 캐리해!','/webtoon/list.nhn?titleId=756790&weekday=mon','https://shared-comic.pstatic.net/thumb/webtoon/756790/thumbnail/thumbnail_IMAG10_45728c1e-50de-44f1-a3f1-d1af29dfc9d2.jpg'),(55,0,'장난감','/webtoon/list.nhn?titleId=770656&weekday=mon','https://shared-comic.pstatic.net/thumb/webtoon/770656/thumbnail/thumbnail_IMAG10_6c736096-e0a0-4fd0-bc3f-9b8a283ce273.jpg'),(56,0,'물어보는 사이','/webtoon/list.nhn?titleId=772725&weekday=mon','https://shared-comic.pstatic.net/thumb/webtoon/772725/thumbnail/thumbnail_IMAG10_842ae0c7-dfd4-4b8e-b9c8-b3dafe252e72.jpg'),(57,1,'여신강림','/webtoon/list.nhn?titleId=703846&weekday=tue','https://shared-comic.pstatic.net/thumb/webtoon/703846/thumbnail/thumbnail_IMAG10_35503130-16ce-4236-b913-0fe76226de36.jpg'),(58,1,'바른연애 길잡이','/webtoon/list.nhn?titleId=703852&weekday=tue','https://shared-comic.pstatic.net/thumb/webtoon/703852/thumbnail/thumbnail_IMAG10_7a7e52e5-f211-485d-a5ba-4f6f3f8acdc6.jpg'),(59,1,'엽총소년','/webtoon/list.nhn?titleId=759925&weekday=tue','https://shared-comic.pstatic.net/thumb/webtoon/759925/thumbnail/thumbnail_IMAG10_ab461af8-c357-459e-bf71-cdbb924cffcf.jpg'),(60,1,'한림체육관','/webtoon/list.nhn?titleId=743139&weekday=tue','https://shared-comic.pstatic.net/thumb/webtoon/743139/thumbnail/thumbnail_IMAG10_df1a8c2f-63c4-44e1-b1f5-907c41c13243.jpg'),(61,1,'하루만 네가 되고 싶어','/webtoon/list.nhn?titleId=738487&weekday=tue','https://shared-comic.pstatic.net/thumb/webtoon/738487/thumbnail/thumbnail_IMAG10_6704ef3b-2596-4fba-b40d-9ec522dfd866.jpg'),(62,1,'랜덤채팅의 그녀!','/webtoon/list.nhn?titleId=702608&weekday=tue','https://shared-comic.pstatic.net/thumb/webtoon/702608/thumbnail/thumbnail_IMAG10_85425026-fd1c-4a8a-8d58-e257bbf892c0.jpg'),(63,1,'사신소년','/webtoon/list.nhn?titleId=730656&weekday=tue','https://shared-comic.pstatic.net/thumb/webtoon/730656/thumbnail/thumbnail_IMAG10_b324ec4f-f869-4b55-b2fb-63306bef3a41.jpg'),(64,1,'신도림','/webtoon/list.nhn?titleId=683496&weekday=tue','https://shared-comic.pstatic.net/thumb/webtoon/683496/thumbnail/thumbnail_IMAG10_69a59ea4-ece8-4454-beea-a730adae236f.jpg'),(65,1,'몬스터','/webtoon/list.nhn?titleId=771044&weekday=tue','https://shared-comic.pstatic.net/thumb/webtoon/771044/thumbnail/thumbnail_IMAG10_bc5980e0-19e8-46da-85f6-99e6a78a139a.jpg'),(66,1,'헬58','/webtoon/list.nhn?titleId=719508&weekday=tue','https://shared-comic.pstatic.net/thumb/webtoon/719508/thumbnail/thumbnail_IMAG10_7588cd34-ae5d-4b49-aeb7-21404d7503ef.jpg'),(67,1,'삼국지톡','/webtoon/list.nhn?titleId=711422&weekday=tue','https://shared-comic.pstatic.net/thumb/webtoon/711422/thumbnail/thumbnail_IMAG10_4873773c-d8f0-430e-85d2-995f395b571f.jpg'),(68,1,'호랑이 들어와요','/webtoon/list.nhn?titleId=757904&weekday=tue','https://shared-comic.pstatic.net/thumb/webtoon/757904/thumbnail/thumbnail_IMAG10_7a4f9439-1f09-47fa-a834-b69197b21d30.jpg'),(69,1,'달콤살벌한 부부','/webtoon/list.nhn?titleId=753856&weekday=tue','https://shared-comic.pstatic.net/thumb/webtoon/753856/thumbnail/thumbnail_IMAG10_61cd690d-7c5f-449f-8384-f7642c368a04.jpg'),(70,1,'니나의 마법서랍','/webtoon/list.nhn?titleId=772401&weekday=tue','https://shared-comic.pstatic.net/thumb/webtoon/772401/thumbnail/thumbnail_IMAG10_37107ea5-7086-458e-b4f8-2906192ce9b5.jpg'),(71,1,'중증외상센터 : 골든 아워','/webtoon/list.nhn?titleId=738174&weekday=tue','https://shared-comic.pstatic.net/thumb/webtoon/738174/thumbnail/thumbnail_IMAG10_da06bb94-8176-4b0f-a0e6-cd57f2690ad0.jpg'),(72,1,'나는 어디에나 있다','/webtoon/list.nhn?titleId=771063&weekday=tue','https://shared-comic.pstatic.net/thumb/webtoon/771063/thumbnail/thumbnail_IMAG10_c8ae7ff8-dc8c-4800-8e2b-5a46cd504b04.jpg'),(73,1,'집이 없어','/webtoon/list.nhn?titleId=721433&weekday=tue','https://shared-comic.pstatic.net/thumb/webtoon/721433/thumbnail/thumbnail_IMAG10_e9488dab-e61d-4219-93d2-75737f6be3de.jpg'),(74,1,'원주민 공포만화','/webtoon/list.nhn?titleId=698918&weekday=tue','https://shared-comic.pstatic.net/thumb/webtoon/698918/thumbnail/thumbnail_IMAG10_1ffbcabb-b5fd-41d8-9500-faaee1d3cbb4.jpg'),(75,1,'오피스 누나 이야기','/webtoon/list.nhn?titleId=755694&weekday=tue','https://shared-comic.pstatic.net/thumb/webtoon/755694/thumbnail/thumbnail_IMAG10_2e14da99-d098-428e-85c7-0879e02a8287.jpg'),(76,1,'윌유메리미','/webtoon/list.nhn?titleId=616239&weekday=tue','https://shared-comic.pstatic.net/thumb/webtoon/616239/thumbnail/title_thumbnail_20161031214436_t83x90.jpg'),(77,1,'위아더좀비','/webtoon/list.nhn?titleId=766648&weekday=tue','https://shared-comic.pstatic.net/thumb/webtoon/766648/thumbnail/thumbnail_IMAG10_c081d7c7-0bbe-4815-9596-c486a2fbb013.jpg'),(78,1,'하우스키퍼','/webtoon/list.nhn?titleId=723046&weekday=tue','https://shared-comic.pstatic.net/thumb/webtoon/723046/thumbnail/thumbnail_IMAG10_bcbb3000-5fca-4d1d-b93a-087b03a2a13b.jpg'),(79,1,'아이레','/webtoon/list.nhn?titleId=754875&weekday=tue','https://shared-comic.pstatic.net/thumb/webtoon/754875/thumbnail/thumbnail_IMAG10_de87cbe7-e6f8-4207-9c9b-0b214e99d875.JPG'),(80,1,'견우와 선녀','/webtoon/list.nhn?titleId=740034&weekday=tue','https://shared-comic.pstatic.net/thumb/webtoon/740034/thumbnail/thumbnail_IMAG10_441329f7-c6b4-48ff-bbc6-025e0d303865.jpg'),(81,1,'플레이, 플리','/webtoon/list.nhn?titleId=753853&weekday=tue','https://shared-comic.pstatic.net/thumb/webtoon/753853/thumbnail/thumbnail_IMAG10_f5d73c61-e9d0-44a4-836d-2608b3876667.jpg'),(82,1,'용왕님의 셰프가 되었습니다','/webtoon/list.nhn?titleId=741449&weekday=tue','https://shared-comic.pstatic.net/thumb/webtoon/741449/thumbnail/thumbnail_IMAG10_df502277-7a70-45ec-a553-b6d466a2e0f5.jpg'),(83,1,'프린스 메이커','/webtoon/list.nhn?titleId=771095&weekday=tue','https://shared-comic.pstatic.net/thumb/webtoon/771095/thumbnail/thumbnail_IMAG10_7ea09324-d1e4-4ffc-935d-c7d5922651fa.jpg'),(84,1,'고등매직','/webtoon/list.nhn?titleId=773085&weekday=tue','https://shared-comic.pstatic.net/thumb/webtoon/773085/thumbnail/thumbnail_IMAG10_254861fa-aebc-4968-8f5a-dd0c0e6a8698.jpg'),(85,1,'성인초딩','/webtoon/list.nhn?titleId=755601&weekday=tue','https://shared-comic.pstatic.net/thumb/webtoon/755601/thumbnail/thumbnail_IMAG10_edafaf1f-bcea-4569-b16a-0d557e11a5d9.jpg'),(86,1,'빌런투킬','/webtoon/list.nhn?titleId=765156&weekday=tue','https://shared-comic.pstatic.net/thumb/webtoon/765156/thumbnail/thumbnail_IMAG10_e48be5f4-106e-4afb-adff-115811df94a9.jpg'),(87,1,'3cm 헌터','/webtoon/list.nhn?titleId=733458&weekday=tue','https://shared-comic.pstatic.net/thumb/webtoon/733458/thumbnail/thumbnail_IMAG10_28672aca-7303-4e2a-8ad3-b14f6c449455.jpg'),(88,1,'악인','/webtoon/list.nhn?titleId=759924&weekday=tue','https://shared-comic.pstatic.net/thumb/webtoon/759924/thumbnail/thumbnail_IMAG10_998053f8-d627-4b53-a08f-9664f4dee0b8.jpg'),(89,1,'빅맨','/webtoon/list.nhn?titleId=753839&weekday=tue','https://shared-comic.pstatic.net/thumb/webtoon/753839/thumbnail/thumbnail_IMAG10_d03af743-513a-4abe-af8a-28a1e623facb.jpg'),(90,1,'그녀석 정복기','/webtoon/list.nhn?titleId=770477&weekday=tue','https://shared-comic.pstatic.net/thumb/webtoon/770477/thumbnail/thumbnail_IMAG10_2dfa7431-9083-4a10-81a9-21e38950beb3.jpg'),(91,1,'올가미','/webtoon/list.nhn?titleId=732988&weekday=tue','https://shared-comic.pstatic.net/thumb/webtoon/732988/thumbnail/thumbnail_IMAG10_c01143c2-ed1c-4385-835c-5c5994f75ff7.jpg'),(92,1,'아이즈','/webtoon/list.nhn?titleId=767908&weekday=tue','https://shared-comic.pstatic.net/thumb/webtoon/767908/thumbnail/thumbnail_IMAG10_b8e01998-6a08-4d8f-8175-9c1a28057709.jpg'),(93,1,'은주의 방 2~3부','/webtoon/list.nhn?titleId=654138&weekday=tue','https://shared-comic.pstatic.net/thumb/webtoon/654138/thumbnail/thumbnail_IMAG10_6703cec5-78ee-4a87-9362-e46b6763b432.jpg'),(94,1,'급식러너','/webtoon/list.nhn?titleId=770030&weekday=tue','https://shared-comic.pstatic.net/thumb/webtoon/770030/thumbnail/thumbnail_IMAG10_96a01ef0-a2cd-4c4e-ada7-76ab6bb9fae7.jpg'),(95,1,'제로게임','/webtoon/list.nhn?titleId=676695&weekday=tue','https://shared-comic.pstatic.net/thumb/webtoon/676695/thumbnail/thumbnail_IMAG10_bf2d8488-97a2-45b7-97b0-44cdaf9263b1.jpg'),(96,1,'태시트','/webtoon/list.nhn?titleId=766966&weekday=tue','https://shared-comic.pstatic.net/thumb/webtoon/766966/thumbnail/thumbnail_IMAG10_110f4801-2cdf-4039-a103-a79adc514d95.jpg'),(97,1,'연우의 순정','/webtoon/list.nhn?titleId=752532&weekday=tue','https://shared-comic.pstatic.net/thumb/webtoon/752532/thumbnail/thumbnail_IMAG10_b2862352-4ffb-495b-97f3-91f9d0f4e4ae.jpg'),(98,1,'열녀박씨 계약결혼뎐','/webtoon/list.nhn?titleId=761601&weekday=tue','https://shared-comic.pstatic.net/thumb/webtoon/761601/thumbnail/thumbnail_IMAG10_5c82ba0c-4f5a-48ef-9847-f7b77e1808f8.jpg'),(99,1,'숲속의 담','/webtoon/list.nhn?titleId=738145&weekday=tue','https://shared-comic.pstatic.net/thumb/webtoon/738145/thumbnail/thumbnail_IMAG10_7c33c185-5110-4c83-9f42-ad2a6951c359.jpg'),(100,1,'대신 심부름을 해다오','/webtoon/list.nhn?titleId=769551&weekday=tue','https://shared-comic.pstatic.net/thumb/webtoon/769551/thumbnail/thumbnail_IMAG10_8363faa4-b5f2-4c98-9d06-24b75faed605.jpg'),(101,1,'나타나주세요!','/webtoon/list.nhn?titleId=770068&weekday=tue','https://shared-comic.pstatic.net/thumb/webtoon/770068/thumbnail/thumbnail_IMAG10_7a45c222-cab7-48b2-a1d9-512e78200ef6.jpg'),(102,1,'오파츠','/webtoon/list.nhn?titleId=744381&weekday=tue','https://shared-comic.pstatic.net/thumb/webtoon/744381/thumbnail/thumbnail_IMAG10_cf7bf35e-2622-4dbe-b20a-17bf380fc2c1.jpg'),(103,1,'빛빛빛','/webtoon/list.nhn?titleId=748045&weekday=tue','https://shared-comic.pstatic.net/thumb/webtoon/748045/thumbnail/thumbnail_IMAG10_d793ac3d-51e3-4346-9f7d-60d16f3f6627.jpg'),(104,1,'찐:종합게임동아리','/webtoon/list.nhn?titleId=771018&weekday=tue','https://shared-comic.pstatic.net/thumb/webtoon/771018/thumbnail/thumbnail_IMAG10_42511c3a-e91b-4946-a345-b4eb716e1e62.jpg'),(105,1,'자판귀','/webtoon/list.nhn?titleId=703850&weekday=tue','https://shared-comic.pstatic.net/thumb/webtoon/703850/thumbnail/thumbnail_IMAG10_d093ab2d-a006-457b-92b5-1da097bc3af1.jpg'),(106,1,'조선홍보대행사 조대박','/webtoon/list.nhn?titleId=737019&weekday=tue','https://shared-comic.pstatic.net/thumb/webtoon/737019/thumbnail/thumbnail_IMAG10_73fd973c-7a03-4eb9-b554-66c8af1ff683.jpg'),(107,1,'나의 플랏메이트','/webtoon/list.nhn?titleId=762073&weekday=tue','https://shared-comic.pstatic.net/thumb/webtoon/762073/thumbnail/thumbnail_IMAG10_424bd290-657d-4c68-9555-6f3d33e54ed9.jpg'),(108,1,'안식의 밤','/webtoon/list.nhn?titleId=738483&weekday=tue','https://shared-comic.pstatic.net/thumb/webtoon/738483/thumbnail/thumbnail_IMAG10_b243227c-6502-4c39-b9aa-09fde861850c.jpg'),(109,1,'완벽한 가족','/webtoon/list.nhn?titleId=752531&weekday=tue','https://shared-comic.pstatic.net/thumb/webtoon/752531/thumbnail/thumbnail_IMAG10_c96f3a6c-d4ae-4580-8577-6708284d44cb.jpg'),(110,1,'언메이크','/webtoon/list.nhn?titleId=746535&weekday=tue','https://shared-comic.pstatic.net/thumb/webtoon/746535/thumbnail/thumbnail_IMAG10_f4602b05-cd1a-447d-9c6e-013ebe1ab4af.jpg'),(111,1,'도를 아십니까','/webtoon/list.nhn?titleId=747666&weekday=tue','https://shared-comic.pstatic.net/thumb/webtoon/747666/thumbnail/thumbnail_IMAG10_2a38d3f2-d060-4ce8-91b9-cfacd84bd04a.jpg'),(112,1,'하나in세인','/webtoon/list.nhn?titleId=769987&weekday=tue','https://shared-comic.pstatic.net/thumb/webtoon/769987/thumbnail/thumbnail_IMAG10_434658ce-7ea8-496c-a421-4c02cdb37ab6.jpg'),(113,1,'풋내기들','/webtoon/list.nhn?titleId=764622&weekday=tue','https://shared-comic.pstatic.net/thumb/webtoon/764622/thumbnail/thumbnail_IMAG10_3bd9ada1-fdb7-473a-a589-d92b2fb67d94.jpg'),(114,1,'피로만땅','/webtoon/list.nhn?titleId=758672&weekday=tue','https://shared-comic.pstatic.net/thumb/webtoon/758672/thumbnail/thumbnail_IMAG10_060c8fcd-be1e-46bf-807a-f393e6f1bef2.jpg'),(115,1,'인문학적 감수성','/webtoon/list.nhn?titleId=759923&weekday=tue','https://shared-comic.pstatic.net/thumb/webtoon/759923/thumbnail/thumbnail_IMAG10_c7fec612-52af-425a-9ed6-c6d1c8fcb083.jpg'),(116,1,'정년이','/webtoon/list.nhn?titleId=726214&weekday=tue','https://shared-comic.pstatic.net/thumb/webtoon/726214/thumbnail/thumbnail_IMAG10_e673dd9c-d2e3-4926-96aa-fb5ed2de499b.jpg'),(117,2,'헬퍼 2 : 킬베로스','/webtoon/list.nhn?titleId=670143&weekday=wed','https://shared-comic.pstatic.net/thumb/webtoon/670143/thumbnail/thumbnail_IMAG10_d2f956f7-2541-4b97-b933-e4aaa2564d14.jpg'),(118,2,'전지적 독자 시점','/webtoon/list.nhn?titleId=747269&weekday=wed','https://shared-comic.pstatic.net/thumb/webtoon/747269/thumbnail/thumbnail_IMAG10_55801c29-223f-46a0-a446-2e55d3024e71.jpg'),(119,2,'복학왕','/webtoon/list.nhn?titleId=626907&weekday=wed','https://shared-comic.pstatic.net/thumb/webtoon/626907/thumbnail/title_thumbnail_20150407141027_t83x90.jpg'),(120,2,'모죠의 일지','/webtoon/list.nhn?titleId=728015&weekday=wed','https://shared-comic.pstatic.net/thumb/webtoon/728015/thumbnail/thumbnail_IMAG10_f31cda1b-72fa-409e-b1ab-9c4a4e212696.jpg'),(121,2,'급식아빠','/webtoon/list.nhn?titleId=758662&weekday=wed','https://shared-comic.pstatic.net/thumb/webtoon/758662/thumbnail/thumbnail_IMAG10_576bcc2c-ea9e-4f37-8fe2-dc1faed26f10.jpg'),(122,2,'튜토리얼 탑의 고인물','/webtoon/list.nhn?titleId=738694&weekday=wed','https://shared-comic.pstatic.net/thumb/webtoon/738694/thumbnail/thumbnail_IMAG10_728d40b3-1224-4e00-b7a8-d16d9adbe137.jpg'),(123,2,'캐슬','/webtoon/list.nhn?titleId=736744&weekday=wed','https://shared-comic.pstatic.net/thumb/webtoon/736744/thumbnail/thumbnail_IMAG10_52c79b5c-7d5e-48ff-a377-ee247b3134bd.jpg'),(124,2,'격기3반','/webtoon/list.nhn?titleId=701535&weekday=wed','https://shared-comic.pstatic.net/thumb/webtoon/701535/thumbnail/thumbnail_IMAG10_48867315-58f2-44fb-913c-25cfe2cd307d.jpg'),(125,2,'남주의 첫날밤을 가져버렸다','/webtoon/list.nhn?titleId=749639&weekday=wed','https://shared-comic.pstatic.net/thumb/webtoon/749639/thumbnail/thumbnail_IMAG10_51043632-6c82-4e51-ab7a-5945724f0df8.jpg'),(126,2,'세상은 돈과 권력','/webtoon/list.nhn?titleId=710747&weekday=wed','https://shared-comic.pstatic.net/thumb/webtoon/710747/thumbnail/thumbnail_IMAG10_62a436dc-7b3e-405a-b143-a7ecf2cd0485.jpg'),(127,2,'화산귀환','/webtoon/list.nhn?titleId=769209&weekday=wed','https://shared-comic.pstatic.net/thumb/webtoon/769209/thumbnail/thumbnail_IMAG10_13ff2e28-686a-42de-890e-9289550978bc.jpg'),(128,2,'노곤하개','/webtoon/list.nhn?titleId=702672&weekday=wed','https://shared-comic.pstatic.net/thumb/webtoon/702672/thumbnail/thumbnail_IMAG10_fc61362a-daff-4129-a2bf-d821fcff42bf.jpg'),(129,2,'일렉시드','/webtoon/list.nhn?titleId=717481&weekday=wed','https://shared-comic.pstatic.net/thumb/webtoon/717481/thumbnail/thumbnail_IMAG10_abd208ef-46dd-42ef-942e-df70b9e27386.jpg'),(130,2,'하렘의 남자들','/webtoon/list.nhn?titleId=760001&weekday=wed','https://shared-comic.pstatic.net/thumb/webtoon/760001/thumbnail/thumbnail_IMAG10_3656c7b1-966c-4492-9957-a6278aa80294.jpg'),(131,2,'연놈','/webtoon/list.nhn?titleId=667573&weekday=wed','https://shared-comic.pstatic.net/thumb/webtoon/667573/thumbnail/thumbnail_IMAG10_71dd6b56-3beb-4c03-82ce-d77cb470c46e.jpg'),(132,2,'나쁜사람','/webtoon/list.nhn?titleId=750184&weekday=wed','https://shared-comic.pstatic.net/thumb/webtoon/750184/thumbnail/thumbnail_IMAG10_113cf716-dc7d-4f97-b6a9-a904b55c0ff4.jpg'),(133,2,'고삼무쌍','/webtoon/list.nhn?titleId=728126&weekday=wed','https://shared-comic.pstatic.net/thumb/webtoon/728126/thumbnail/thumbnail_IMAG10_49208c45-8d35-4e1e-b7eb-efca7ff405b9.jpg'),(134,2,'여주실격!','/webtoon/list.nhn?titleId=738143&weekday=wed','https://shared-comic.pstatic.net/thumb/webtoon/738143/thumbnail/thumbnail_IMAG10_16c4ab06-9875-4e0a-b7d9-94f1e3976b5e.jpg'),(135,2,'엔딩 후 서브남을 주웠다','/webtoon/list.nhn?titleId=761498&weekday=wed','https://shared-comic.pstatic.net/thumb/webtoon/761498/thumbnail/thumbnail_IMAG10_1d781698-ac88-4a3a-92a2-61416aa5f8f4.jpg'),(136,2,'닥터앤닥터 육아일기','/webtoon/list.nhn?titleId=732955&weekday=wed','https://shared-comic.pstatic.net/thumb/webtoon/732955/thumbnail/thumbnail_IMAG10_404a37ed-7552-41bb-8138-3ea97cc7bb03.jpg'),(137,2,'원수를 사랑하라','/webtoon/list.nhn?titleId=733079&weekday=wed','https://shared-comic.pstatic.net/thumb/webtoon/733079/thumbnail/thumbnail_IMAG10_d07acf94-3c55-4930-8968-f364af58ad06.jpg'),(138,2,'빌드업','/webtoon/list.nhn?titleId=750826&weekday=wed','https://shared-comic.pstatic.net/thumb/webtoon/750826/thumbnail/thumbnail_IMAG10_ffc8691b-a61c-42e5-9bce-51aac85e447c.jpg'),(139,2,'판타지 여동생!','/webtoon/list.nhn?titleId=730425&weekday=wed','https://shared-comic.pstatic.net/thumb/webtoon/730425/thumbnail/thumbnail_IMAG10_1021f165-b14c-480b-bf82-3e9d622472ea.jpg'),(140,2,'오징어도 사랑이 되나요?','/webtoon/list.nhn?titleId=770524&weekday=wed','https://shared-comic.pstatic.net/thumb/webtoon/770524/thumbnail/thumbnail_IMAG10_54264f50-b2b4-4550-ad20-46dabe46af22.jpg'),(141,2,'귀곡의 문','/webtoon/list.nhn?titleId=718020&weekday=wed','https://shared-comic.pstatic.net/thumb/webtoon/718020/thumbnail/thumbnail_IMAG10_7c551d69-62f1-4869-b365-88f38a70553f.jpg'),(142,2,'마른 가지에 바람처럼','/webtoon/list.nhn?titleId=748535&weekday=wed','https://shared-comic.pstatic.net/thumb/webtoon/748535/thumbnail/thumbnail_IMAG10_611d136c-09d6-4607-9201-a8dbd1efad40.jpg'),(143,2,'수요웹툰의 나강림','/webtoon/list.nhn?titleId=771718&weekday=wed','https://shared-comic.pstatic.net/thumb/webtoon/771718/thumbnail/thumbnail_IMAG10_93453b20-70be-4431-adf0-5caaa15b57bb.jpg'),(144,2,'각자의 디데이','/webtoon/list.nhn?titleId=749055&weekday=wed','https://shared-comic.pstatic.net/thumb/webtoon/749055/thumbnail/thumbnail_IMAG10_0044b373-58c8-4a94-b764-cfdde8b59d79.jpg'),(145,2,'언덕 위의 제임스','/webtoon/list.nhn?titleId=671421&weekday=wed','https://shared-comic.pstatic.net/thumb/webtoon/671421/thumbnail/thumbnail_IMAG10_a98afd2e-d632-49f3-bdda-42827fff493f.jpg'),(146,2,'마녀와 용의 신혼일기','/webtoon/list.nhn?titleId=755668&weekday=wed','https://shared-comic.pstatic.net/thumb/webtoon/755668/thumbnail/thumbnail_IMAG10_cb3fb035-146c-4754-af7d-7f9aba1d19b8.jpg'),(147,2,'방탈출','/webtoon/list.nhn?titleId=733034&weekday=wed','https://shared-comic.pstatic.net/thumb/webtoon/733034/thumbnail/thumbnail_IMAG10_d1e2247e-2611-43cd-a18f-ad2f8d5127bc.jpg'),(148,2,'사상최강','/webtoon/list.nhn?titleId=748536&weekday=wed','https://shared-comic.pstatic.net/thumb/webtoon/748536/thumbnail/thumbnail_IMAG10_c24eae99-c803-499b-9360-a7fccd63a3c4.jpg'),(149,2,'사랑과 평강의 온달!','/webtoon/list.nhn?titleId=773187&weekday=wed','https://shared-comic.pstatic.net/thumb/webtoon/773187/thumbnail/thumbnail_IMAG10_3719ae3a-2274-4974-a725-986f35ba1fda.jpg'),(150,2,'아도나이','/webtoon/list.nhn?titleId=725829&weekday=wed','https://shared-comic.pstatic.net/thumb/webtoon/725829/thumbnail/thumbnail_IMAG10_b7460a77-7be4-46c4-b3da-36655b868736.jpg'),(151,2,'로어 올림푸스','/webtoon/list.nhn?titleId=750558&weekday=wed','https://shared-comic.pstatic.net/thumb/webtoon/750558/thumbnail/thumbnail_IMAG10_b958aaec-eff0-4cd7-b11b-3ad6237408e7.jpg'),(152,2,'새벽 두 시의 신데렐라','/webtoon/list.nhn?titleId=752533&weekday=wed','https://shared-comic.pstatic.net/thumb/webtoon/752533/thumbnail/thumbnail_IMAG10_9fd5790c-8a67-44d5-8f50-8e8eac2b8fbd.jpg'),(153,2,'더 트웰브','/webtoon/list.nhn?titleId=747637&weekday=wed','https://shared-comic.pstatic.net/thumb/webtoon/747637/thumbnail/thumbnail_IMAG10_90b0c422-2623-4763-a458-fc490877b44d.jpg'),(154,2,'이츠마인','/webtoon/list.nhn?titleId=710760&weekday=wed','https://shared-comic.pstatic.net/thumb/webtoon/710760/thumbnail/thumbnail_IMAG10_0f9651ee-18f9-4fbb-bdf7-cded844fcb6d.jpg'),(155,2,'반귀','/webtoon/list.nhn?titleId=760002&weekday=wed','https://shared-comic.pstatic.net/thumb/webtoon/760002/thumbnail/thumbnail_IMAG10_4e41a674-f995-462a-bd19-bcaf0157299e.jpg'),(156,2,'럭키언럭키','/webtoon/list.nhn?titleId=736281&weekday=wed','https://shared-comic.pstatic.net/thumb/webtoon/736281/thumbnail/thumbnail_IMAG10_713c672a-2b8d-453f-b1aa-7d3ca9df5162.jpg'),(157,2,'구주','/webtoon/list.nhn?titleId=770844&weekday=wed','https://shared-comic.pstatic.net/thumb/webtoon/770844/thumbnail/thumbnail_IMAG10_fc438ac0-aea6-451b-b39a-5fc6e11b3dae.jpg'),(158,2,'얼굴천재','/webtoon/list.nhn?titleId=735979&weekday=wed','https://shared-comic.pstatic.net/thumb/webtoon/735979/thumbnail/thumbnail_IMAG10_3a37688f-8c8a-4255-a945-d4dda63223da.jpg'),(159,2,'당신의 향수','/webtoon/list.nhn?titleId=741150&weekday=wed','https://shared-comic.pstatic.net/thumb/webtoon/741150/thumbnail/thumbnail_IMAG10_76ed0838-0617-4f9e-8d95-184e7326a5e2.jpg'),(160,2,'칼부림','/webtoon/list.nhn?titleId=602916&weekday=wed','https://shared-comic.pstatic.net/thumb/webtoon/602916/thumbnail/thumbnail_IMAG10_4eff217c-c0f3-4272-aeef-aa6783a0cb3a.jpg'),(161,2,'말하는대로','/webtoon/list.nhn?titleId=761596&weekday=wed','https://shared-comic.pstatic.net/thumb/webtoon/761596/thumbnail/thumbnail_IMAG10_0263996f-e253-494b-936b-9093f5972da9.jpg'),(162,2,'범이올시다!','/webtoon/list.nhn?titleId=745589&weekday=wed','https://shared-comic.pstatic.net/thumb/webtoon/745589/thumbnail/thumbnail_IMAG10_2ca10058-1492-42c0-83a2-b16732dd825b.jpg'),(163,2,'속보입니다','/webtoon/list.nhn?titleId=755758&weekday=wed','https://shared-comic.pstatic.net/thumb/webtoon/755758/thumbnail/thumbnail_IMAG10_eac6de0a-c9ba-446b-8527-e03f45aa42f7.jpg'),(164,2,'웰컴 온보드','/webtoon/list.nhn?titleId=758670&weekday=wed','https://shared-comic.pstatic.net/thumb/webtoon/758670/thumbnail/thumbnail_IMAG10_05b449a1-c177-4340-9eea-f8b17e53f8e1.jpg'),(165,2,'뱀은 꽃을 먹는가','/webtoon/list.nhn?titleId=763851&weekday=wed','https://shared-comic.pstatic.net/thumb/webtoon/763851/thumbnail/thumbnail_IMAG10_58c4f59b-61ac-4e75-adad-0def86eacdbf.jpg'),(166,2,'기억흔적','/webtoon/list.nhn?titleId=739113&weekday=wed','https://shared-comic.pstatic.net/thumb/webtoon/739113/thumbnail/thumbnail_IMAG10_3ee7a2ba-0e2c-4518-8be8-55adff767e9f.jpg'),(167,2,'내 룸메이트는 마네킹','/webtoon/list.nhn?titleId=768466&weekday=wed','https://shared-comic.pstatic.net/thumb/webtoon/768466/thumbnail/thumbnail_IMAG10_a7da2ff4-f7f1-4f1f-9c04-66e613ce143e.jpg'),(168,2,'신선비','/webtoon/list.nhn?titleId=735254&weekday=wed','https://shared-comic.pstatic.net/thumb/webtoon/735254/thumbnail/thumbnail_IMAG10_9d59e2a7-e4d6-4ccd-af1a-ee059a863b29.jpg'),(169,2,'노선도','/webtoon/list.nhn?titleId=745473&weekday=wed','https://shared-comic.pstatic.net/thumb/webtoon/745473/thumbnail/thumbnail_IMAG10_3dbe87d0-c7f5-4f5d-b635-da0be423cf52.jpg'),(170,2,'스캔들','/webtoon/list.nhn?titleId=751642&weekday=wed','https://shared-comic.pstatic.net/thumb/webtoon/751642/thumbnail/thumbnail_IMAG10_64016aa3-d684-4d4d-926f-84b372bb92fd.jpg'),(171,2,'해귀','/webtoon/list.nhn?titleId=762786&weekday=wed','https://shared-comic.pstatic.net/thumb/webtoon/762786/thumbnail/thumbnail_IMAG10_70ce1f46-883b-4f7a-9da5-d2d5de7a865b.jpg'),(172,2,'스몰','/webtoon/list.nhn?titleId=745236&weekday=wed','https://shared-comic.pstatic.net/thumb/webtoon/745236/thumbnail/thumbnail_IMAG10_2d36b3f5-b679-4444-89d7-58354c72dc57.jpg'),(173,2,'천도','/webtoon/list.nhn?titleId=740481&weekday=wed','https://shared-comic.pstatic.net/thumb/webtoon/740481/thumbnail/thumbnail_IMAG10_c0e7a7c6-d2cf-448f-9a2b-db148647d61f.jpg'),(174,2,'수상한 비밀상담부','/webtoon/list.nhn?titleId=751625&weekday=wed','https://shared-comic.pstatic.net/thumb/webtoon/751625/thumbnail/thumbnail_IMAG10_3466277a-22d5-4971-a87d-27c2ce442229.jpg'),(175,2,'저승사자 출입금지','/webtoon/list.nhn?titleId=736699&weekday=wed','https://shared-comic.pstatic.net/thumb/webtoon/736699/thumbnail/thumbnail_IMAG10_948c361c-8571-4c45-9562-e2181f1c5bef.jpg'),(176,2,'시효완성','/webtoon/list.nhn?titleId=756606&weekday=wed','https://shared-comic.pstatic.net/thumb/webtoon/756606/thumbnail/thumbnail_IMAG10_bff93f0d-becf-493f-aed3-02586a5b0572.jpg'),(177,3,'독립일기','/webtoon/list.nhn?titleId=748105&weekday=thu','https://shared-comic.pstatic.net/thumb/webtoon/748105/thumbnail/thumbnail_IMAG10_becd3e24-cc09-4243-a1c9-646270f4a8db.jpg'),(178,3,'더 복서','/webtoon/list.nhn?titleId=736989&weekday=thu','https://shared-comic.pstatic.net/thumb/webtoon/736989/thumbnail/thumbnail_IMAG10_dc639e95-a787-49bd-9bb6-b835909a764d.jpg'),(179,3,'연애혁명','/webtoon/list.nhn?titleId=570503&weekday=thu','https://shared-comic.pstatic.net/thumb/webtoon/570503/thumbnail/thumbnail_IMAG10_023d23be-91f9-46c5-a1ff-152d6238e892.jpg'),(180,3,'기기괴괴','/webtoon/list.nhn?titleId=557672&weekday=thu','https://shared-comic.pstatic.net/thumb/webtoon/557672/thumbnail/thumbnail_IMAG10_d05c81ab-ea19-473b-818f-3aceb657ae1e.jpg'),(181,3,'이두나!','/webtoon/list.nhn?titleId=731130&weekday=thu','https://shared-comic.pstatic.net/thumb/webtoon/731130/thumbnail/thumbnail_IMAG10_0f5fa6cc-3d7c-4e20-a42d-60b32de309e5.jpg'),(182,3,'나노마신','/webtoon/list.nhn?titleId=747271&weekday=thu','https://shared-comic.pstatic.net/thumb/webtoon/747271/thumbnail/thumbnail_IMAG10_107ce0d9-e0a3-4846-b7e1-8597fa4e980a.jpg'),(183,3,'노답소녀','/webtoon/list.nhn?titleId=756137&weekday=thu','https://shared-comic.pstatic.net/thumb/webtoon/756137/thumbnail/thumbnail_IMAG10_64143a9b-dfdb-4f2e-878d-5f3453a82475.jpg'),(184,3,'정글쥬스','/webtoon/list.nhn?titleId=762279&weekday=thu','https://shared-comic.pstatic.net/thumb/webtoon/762279/thumbnail/thumbnail_IMAG10_7eca3c20-7c36-49b7-a7af-af933e9c8c09.jpg'),(185,3,'화이트 블러드','/webtoon/list.nhn?titleId=739503&weekday=thu','https://shared-comic.pstatic.net/thumb/webtoon/739503/thumbnail/thumbnail_IMAG10_f515191d-adb2-466c-b014-66b276d8b471.jpg'),(186,3,'겟백','/webtoon/list.nhn?titleId=727798&weekday=thu','https://shared-comic.pstatic.net/thumb/webtoon/727798/thumbnail/thumbnail_IMAG10_18981b01-c819-4685-8db2-4353a2b9bd54.jpg'),(187,3,'하드캐리','/webtoon/list.nhn?titleId=710761&weekday=thu','https://shared-comic.pstatic.net/thumb/webtoon/710761/thumbnail/thumbnail_IMAG10_9f8253a1-2318-4c0d-8d9e-f044f2203d4c.jpg'),(188,3,'무사만리행','/webtoon/list.nhn?titleId=746857&weekday=thu','https://shared-comic.pstatic.net/thumb/webtoon/746857/thumbnail/thumbnail_IMAG10_0e5a96ba-ee85-4de9-9996-b59852281617.jpg'),(189,3,'당신의 과녁','/webtoon/list.nhn?titleId=738194&weekday=thu','https://shared-comic.pstatic.net/thumb/webtoon/738194/thumbnail/thumbnail_IMAG10_1c31f225-1f88-40f3-925e-928776169bf5.jpg'),(190,3,'던전 씹어먹는 아티팩트','/webtoon/list.nhn?titleId=758439&weekday=thu','https://shared-comic.pstatic.net/thumb/webtoon/758439/thumbnail/thumbnail_IMAG10_08abada1-ebb5-41cc-a28e-e3a71a422202.jpg'),(191,3,'신비','/webtoon/list.nhn?titleId=740487&weekday=thu','https://shared-comic.pstatic.net/thumb/webtoon/740487/thumbnail/thumbnail_IMAG10_953f1353-c4c0-4821-a716-d8bc4c9febfe.jpg'),(192,3,'꽃만 키우는데 너무강함','/webtoon/list.nhn?titleId=741825&weekday=thu','https://shared-comic.pstatic.net/thumb/webtoon/741825/thumbnail/thumbnail_IMAG10_2cb48835-dbbb-429c-b391-91a57775717e.jpg'),(193,3,'소년의 기록','/webtoon/list.nhn?titleId=771720&weekday=thu','https://shared-comic.pstatic.net/thumb/webtoon/771720/thumbnail/thumbnail_IMAG10_7911f306-6306-4ede-b84e-3580e6fef13b.jpg'),(194,3,'흑막 여주가 날 새엄마로 만들려고 해','/webtoon/list.nhn?titleId=770523&weekday=thu','https://shared-comic.pstatic.net/thumb/webtoon/770523/thumbnail/thumbnail_IMAG10_1487472a-7381-4bdb-ad7e-81b8e48d6d96.jpg'),(195,3,'트롤트랩','/webtoon/list.nhn?titleId=701700&weekday=thu','https://shared-comic.pstatic.net/thumb/webtoon/701700/thumbnail/thumbnail_IMAG10_91d1c77b-9ad9-43ce-8299-ed986700c65a.jpg'),(196,3,'쿠베라','/webtoon/list.nhn?titleId=131385&weekday=thu','https://shared-comic.pstatic.net/thumb/webtoon/131385/thumbnail/thumbnail_IMAG10_c5053bcc-3b95-473d-bfe1-e4256bf56b58.jpg'),(197,3,'최강전설 강해효','/webtoon/list.nhn?titleId=570506&weekday=thu','https://shared-comic.pstatic.net/thumb/webtoon/570506/thumbnail/title_thumbnail_20130710192300_t83x90.jpg'),(198,3,'선의의 경쟁','/webtoon/list.nhn?titleId=748069&weekday=thu','https://shared-comic.pstatic.net/thumb/webtoon/748069/thumbnail/thumbnail_IMAG10_c22837d5-e27f-497d-a282-7baa796ee87c.jpg'),(199,3,'온실 속 화초','/webtoon/list.nhn?titleId=769662&weekday=thu','https://shared-comic.pstatic.net/thumb/webtoon/769662/thumbnail/thumbnail_IMAG10_6cfb32f1-5e0a-45d5-989c-6dce97268b9c.jpg'),(200,3,'셈하는 사이','/webtoon/list.nhn?titleId=738173&weekday=thu','https://shared-comic.pstatic.net/thumb/webtoon/738173/thumbnail/thumbnail_IMAG10_08b0310b-b45b-45ef-80b4-34ae9c4e7e7a.jpg'),(201,3,'돌아온 여기사','/webtoon/list.nhn?titleId=772691&weekday=thu','https://shared-comic.pstatic.net/thumb/webtoon/772691/thumbnail/thumbnail_IMAG10_f775f11b-944c-487c-ad43-583edfb1ba6e.jpg'),(202,3,'만물의 영장','/webtoon/list.nhn?titleId=729964&weekday=thu','https://shared-comic.pstatic.net/thumb/webtoon/729964/thumbnail/thumbnail_IMAG10_8935ee89-7619-4466-abf6-b6c4d6e6f734.jpg'),(203,3,'마계인섬','/webtoon/list.nhn?titleId=766503&weekday=thu','https://shared-comic.pstatic.net/thumb/webtoon/766503/thumbnail/thumbnail_IMAG10_d1bfddf4-05e2-479a-b4f3-51b10580248b.jpg'),(204,3,'시월드 판타지','/webtoon/list.nhn?titleId=753222&weekday=thu','https://shared-comic.pstatic.net/thumb/webtoon/753222/thumbnail/thumbnail_IMAG10_c81cfc5e-6a3c-4dc1-9975-42fc87cbff82.jpg'),(205,3,'별을 삼킨 너에게','/webtoon/list.nhn?titleId=748831&weekday=thu','https://shared-comic.pstatic.net/thumb/webtoon/748831/thumbnail/thumbnail_IMAG10_f836766e-7ac9-46f7-b392-91f294567ca6.jpg'),(206,3,'그 개, 만두','/webtoon/list.nhn?titleId=770015&weekday=thu','https://shared-comic.pstatic.net/thumb/webtoon/770015/thumbnail/thumbnail_IMAG10_ab138a88-00e1-4b28-b65d-4456f311aac4.jpg'),(207,3,'그 황제가 시곗바늘을 되돌린 사연','/webtoon/list.nhn?titleId=765322&weekday=thu','https://shared-comic.pstatic.net/thumb/webtoon/765322/thumbnail/thumbnail_IMAG10_37907656-fba7-481d-84cc-7d804d0e14b6.jpg'),(208,3,'평범한 낙원','/webtoon/list.nhn?titleId=772192&weekday=thu','https://shared-comic.pstatic.net/thumb/webtoon/772192/thumbnail/thumbnail_IMAG10_b767cf6c-c2de-4752-ba9c-93a6a54fefa6.jpg'),(209,3,'멸망X초이스','/webtoon/list.nhn?titleId=771717&weekday=thu','https://shared-comic.pstatic.net/thumb/webtoon/771717/thumbnail/thumbnail_IMAG10_42d5fd4e-0558-415a-8164-d585df440e66.jpg'),(210,3,'자취방 신선들','/webtoon/list.nhn?titleId=758587&weekday=thu','https://shared-comic.pstatic.net/thumb/webtoon/758587/thumbnail/thumbnail_IMAG10_c55ec5af-63f5-4f34-9a57-a074cd41a1bf.jpg'),(211,3,'롤랑롤랑','/webtoon/list.nhn?titleId=715935&weekday=thu','https://shared-comic.pstatic.net/thumb/webtoon/715935/thumbnail/thumbnail_IMAG10_9b592a70-da0a-4637-8824-0444f9083247.jpg'),(212,3,'로그아웃','/webtoon/list.nhn?titleId=733033&weekday=thu','https://shared-comic.pstatic.net/thumb/webtoon/733033/thumbnail/thumbnail_IMAG10_d7d0a0fb-b5e8-447c-82d5-bb4c0d73e843.jpg'),(213,3,'성스러운 아이돌','/webtoon/list.nhn?titleId=762781&weekday=thu','https://shared-comic.pstatic.net/thumb/webtoon/762781/thumbnail/thumbnail_IMAG10_e80d1b5c-bd28-4afb-98c2-aa89578720da.jpg'),(214,3,'루커피쳐','/webtoon/list.nhn?titleId=758678&weekday=thu','https://shared-comic.pstatic.net/thumb/webtoon/758678/thumbnail/thumbnail_IMAG10_03ebb3b9-d4f1-4b5a-a96b-ac9973197272.jpg'),(215,3,'달의 요람','/webtoon/list.nhn?titleId=762035&weekday=thu','https://shared-comic.pstatic.net/thumb/webtoon/762035/thumbnail/thumbnail_IMAG10_1ba3eada-ce8b-4913-a3d3-a34b40b108fc.jpg'),(216,3,'집사레인저','/webtoon/list.nhn?titleId=743270&weekday=thu','https://shared-comic.pstatic.net/thumb/webtoon/743270/thumbnail/thumbnail_IMAG10_dc66ec8f-7971-4db2-9bdd-6162a67dd7f5.jpg'),(217,3,'야만의 시대','/webtoon/list.nhn?titleId=770873&weekday=thu','https://shared-comic.pstatic.net/thumb/webtoon/770873/thumbnail/thumbnail_IMAG10_91a40117-9233-42ca-9532-3c730716d479.jpg'),(218,3,'안개무덤','/webtoon/list.nhn?titleId=731930&weekday=thu','https://shared-comic.pstatic.net/thumb/webtoon/731930/thumbnail/thumbnail_IMAG10_0217e232-d198-4562-b80a-495e711c2aea.jpg'),(219,3,'불편한 관계','/webtoon/list.nhn?titleId=768468&weekday=thu','https://shared-comic.pstatic.net/thumb/webtoon/768468/thumbnail/thumbnail_IMAG10_613100c8-584d-4986-9730-faa415dc699c.jpg'),(220,3,'혼모노트','/webtoon/list.nhn?titleId=768471&weekday=thu','https://shared-comic.pstatic.net/thumb/webtoon/768471/thumbnail/thumbnail_IMAG10_b9a47adc-295d-4bba-a1b6-c345ee24ea7c.jpg'),(221,3,'어차피 남편은!','/webtoon/list.nhn?titleId=758673&weekday=thu','https://shared-comic.pstatic.net/thumb/webtoon/758673/thumbnail/thumbnail_IMAG10_2d7f467a-5ba9-4cba-99ec-30186230110c.jpg'),(222,3,'모어 라이프','/webtoon/list.nhn?titleId=771985&weekday=thu','https://shared-comic.pstatic.net/thumb/webtoon/771985/thumbnail/thumbnail_IMAG10_c49ffbce-64d3-4c84-ad82-4163755f006c.jpg'),(223,3,'겟라이프','/webtoon/list.nhn?titleId=733076&weekday=thu','https://shared-comic.pstatic.net/thumb/webtoon/733076/thumbnail/thumbnail_IMAG10_9c070ef4-e569-4a14-b1cf-7ce368c07016.jpg'),(224,3,'소녀180','/webtoon/list.nhn?titleId=742351&weekday=thu','https://shared-comic.pstatic.net/thumb/webtoon/742351/thumbnail/thumbnail_IMAG10_3fdceb38-bcc8-419e-b4de-1cc70eb2be71.jpg'),(225,3,'불릿 6미리','/webtoon/list.nhn?titleId=738843&weekday=thu','https://shared-comic.pstatic.net/thumb/webtoon/738843/thumbnail/thumbnail_IMAG10_59c8f980-8206-4702-b824-e4fe5a81b947.jpg'),(226,3,'유리와 유리와 유리','/webtoon/list.nhn?titleId=758661&weekday=thu','https://shared-comic.pstatic.net/thumb/webtoon/758661/thumbnail/thumbnail_IMAG10_3faf68b4-8419-4cc5-9f39-badea2abc1c5.jpg'),(227,3,'미드나잇 체이서','/webtoon/list.nhn?titleId=724482&weekday=thu','https://shared-comic.pstatic.net/thumb/webtoon/724482/thumbnail/thumbnail_IMAG10_e1258997-aba5-4d93-b766-a7e4d99f9bc1.jpg'),(228,3,'카루나','/webtoon/list.nhn?titleId=754876&weekday=thu','https://shared-comic.pstatic.net/thumb/webtoon/754876/thumbnail/thumbnail_IMAG10_92cf9f87-01e2-45ef-9363-d8105cbfe251.jpg'),(229,3,'밤하늘에 구름운','/webtoon/list.nhn?titleId=736274&weekday=thu','https://shared-comic.pstatic.net/thumb/webtoon/736274/thumbnail/thumbnail_IMAG10_d1ab3c65-38aa-45a9-978b-fec6693e5c1c.jpg'),(230,3,'바른탕진 프로젝트','/webtoon/list.nhn?titleId=761102&weekday=thu','https://shared-comic.pstatic.net/thumb/webtoon/761102/thumbnail/thumbnail_IMAG10_a1ff5ded-1d8c-4131-afe0-7d5de71261f5.jpg'),(231,3,'보물과 괴물의 도시','/webtoon/list.nhn?titleId=751993&weekday=thu','https://shared-comic.pstatic.net/thumb/webtoon/751993/thumbnail/thumbnail_IMAG10_b369a138-95fe-43de-879d-61061000c6d0.jpg'),(232,3,'헬프미','/webtoon/list.nhn?titleId=759475&weekday=thu','https://shared-comic.pstatic.net/thumb/webtoon/759475/thumbnail/thumbnail_IMAG10_2c074594-aa67-46b4-889b-5bf7509e95b6.jpg'),(233,4,'외모지상주의','/webtoon/list.nhn?titleId=641253&weekday=fri','https://shared-comic.pstatic.net/thumb/webtoon/641253/thumbnail/thumbnail_IMAG10_d4d1a799-d193-4e5a-9b46-6dffcead862a.jpg'),(234,4,'갓 오브 하이스쿨','/webtoon/list.nhn?titleId=318995&weekday=fri','https://shared-comic.pstatic.net/thumb/webtoon/318995/thumbnail/title_thumbnail_20110407182655_t83x90.jpg'),(235,4,'데드퀸','/webtoon/list.nhn?titleId=753478&weekday=fri','https://shared-comic.pstatic.net/thumb/webtoon/753478/thumbnail/thumbnail_IMAG10_cc45f936-25b1-4656-bdcb-6aa9d83719da.jpg'),(236,4,'재혼 황후','/webtoon/list.nhn?titleId=735661&weekday=fri','https://shared-comic.pstatic.net/thumb/webtoon/735661/thumbnail/thumbnail_IMAG10_95dbdf89-c88d-40dd-b87c-7ff5b5094646.jpg'),(237,4,'1초','/webtoon/list.nhn?titleId=725586&weekday=fri','https://shared-comic.pstatic.net/thumb/webtoon/725586/thumbnail/thumbnail_IMAG10_e19e3e87-66e8-443e-83f8-63a8565decbd.jpg'),(238,4,'개를 낳았다','/webtoon/list.nhn?titleId=712362&weekday=fri','https://shared-comic.pstatic.net/thumb/webtoon/712362/thumbnail/thumbnail_IMAG10_9f6d72bc-7d94-4072-89de-26806164c7b3.jpg'),(239,4,'삼국지톡','/webtoon/list.nhn?titleId=711422&weekday=fri','https://shared-comic.pstatic.net/thumb/webtoon/711422/thumbnail/thumbnail_IMAG10_4873773c-d8f0-430e-85d2-995f395b571f.jpg'),(240,4,'낙향문사전','/webtoon/list.nhn?titleId=746534&weekday=fri','https://shared-comic.pstatic.net/thumb/webtoon/746534/thumbnail/thumbnail_IMAG10_34efd726-81da-4e99-82d5-6e47066aa1b2.jpg'),(241,4,'여성전용헬스장 진달래짐','/webtoon/list.nhn?titleId=759457&weekday=fri','https://shared-comic.pstatic.net/thumb/webtoon/759457/thumbnail/thumbnail_IMAG10_6fc047df-7e7b-4e68-9d3e-c918724388f2.jpg'),(242,4,'죽지 않으려면','/webtoon/list.nhn?titleId=772764&weekday=fri','https://shared-comic.pstatic.net/thumb/webtoon/772764/thumbnail/thumbnail_IMAG10_21a11da4-78cd-4f99-9881-4b7afc51c05e.jpg'),(243,4,'세기말 풋사과 보습학원','/webtoon/list.nhn?titleId=761722&weekday=fri','https://shared-comic.pstatic.net/thumb/webtoon/761722/thumbnail/thumbnail_IMAG10_03b1346b-5a0b-40fc-884d-4b1f74c14af4.jpg'),(244,4,'더 게이머','/webtoon/list.nhn?titleId=552960&weekday=fri','https://shared-comic.pstatic.net/thumb/webtoon/552960/thumbnail/title_thumbnail_20130905153649_t83x90.jpg'),(245,4,'성경의 역사','/webtoon/list.nhn?titleId=752402&weekday=fri','https://shared-comic.pstatic.net/thumb/webtoon/752402/thumbnail/thumbnail_IMAG10_1970dd16-de63-45cc-a1d8-c79e7bb5d2f2.jpg'),(246,4,'살人스타그램','/webtoon/list.nhn?titleId=726095&weekday=fri','https://shared-comic.pstatic.net/thumb/webtoon/726095/thumbnail/thumbnail_IMAG10_dc0e2732-a4a9-4d99-81cc-be83afa6e3c6.jpg'),(247,4,'그들이 사귀는 세상','/webtoon/list.nhn?titleId=764130&weekday=fri','https://shared-comic.pstatic.net/thumb/webtoon/764130/thumbnail/thumbnail_IMAG10_627030e0-4279-4ff6-8498-5b227d4d869c.jpg'),(248,4,'뫼신 사냥꾼','/webtoon/list.nhn?titleId=751208&weekday=fri','https://shared-comic.pstatic.net/thumb/webtoon/751208/thumbnail/thumbnail_IMAG10_1f8a6f44-0301-45df-8f0a-5c8fe68fe013.jpg'),(249,4,'로판 빙의 만화','/webtoon/list.nhn?titleId=772020&weekday=fri','https://shared-comic.pstatic.net/thumb/webtoon/772020/thumbnail/thumbnail_IMAG10_6db10ca2-1620-4bec-b2dd-f421a841d03c.jpg'),(250,4,'플레이어','/webtoon/list.nhn?titleId=745876&weekday=fri','https://shared-comic.pstatic.net/thumb/webtoon/745876/thumbnail/thumbnail_IMAG10_8fef7dc3-8a78-4cf9-9e44-4ef6c875875e.jpg'),(251,4,'걸어서 30분','/webtoon/list.nhn?titleId=700844&weekday=fri','https://shared-comic.pstatic.net/thumb/webtoon/700844/thumbnail/thumbnail_IMAG10_670698b4-24a2-46e1-b5ec-9c7f41881a8e.jpg'),(252,4,'엽사:요괴사냥꾼','/webtoon/list.nhn?titleId=769210&weekday=fri','https://shared-comic.pstatic.net/thumb/webtoon/769210/thumbnail/thumbnail_IMAG10_4c62e25c-eab7-413b-8b6b-470075b846c2.jpg'),(253,4,'상남자','/webtoon/list.nhn?titleId=751168&weekday=fri','https://shared-comic.pstatic.net/thumb/webtoon/751168/thumbnail/thumbnail_IMAG10_05234185-ffa0-4e93-9619-acaa6b75da83.jpg'),(254,4,'금혼령-조선혼인금지령','/webtoon/list.nhn?titleId=729938&weekday=fri','https://shared-comic.pstatic.net/thumb/webtoon/729938/thumbnail/thumbnail_IMAG10_c53d777e-2ef6-48a5-8e73-1afab8d144e8.jpg'),(255,4,'히어로 킬러','/webtoon/list.nhn?titleId=766563&weekday=fri','https://shared-comic.pstatic.net/thumb/webtoon/766563/thumbnail/thumbnail_IMAG10_82231e8b-6b4f-4237-91b9-b6001eafb349.jpg'),(256,4,'난약','/webtoon/list.nhn?titleId=729044&weekday=fri','https://shared-comic.pstatic.net/thumb/webtoon/729044/thumbnail/thumbnail_IMAG10_fb77f3f4-e75a-4146-884a-578869107d27.jpg'),(257,4,'고래별','/webtoon/list.nhn?titleId=729767&weekday=fri','https://shared-comic.pstatic.net/thumb/webtoon/729767/thumbnail/thumbnail_IMAG10_e9afa12f-a8a7-456e-a9e3-cf4c3ac09a4c.jpg'),(258,4,'복학생 정순이','/webtoon/list.nhn?titleId=735243&weekday=fri','https://shared-comic.pstatic.net/thumb/webtoon/735243/thumbnail/thumbnail_IMAG10_4a933ebd-2895-4c8c-bea9-f57f728c0fd1.jpg'),(259,4,'구남친이 내게 반했다','/webtoon/list.nhn?titleId=748534&weekday=fri','https://shared-comic.pstatic.net/thumb/webtoon/748534/thumbnail/thumbnail_IMAG10_e7a3cb27-a9e6-4482-ba6f-3500ce73c091.jpg'),(260,4,'주님, 악마가 되게 해주세요!','/webtoon/list.nhn?titleId=769567&weekday=fri','https://shared-comic.pstatic.net/thumb/webtoon/769567/thumbnail/thumbnail_IMAG10_fe06aec8-eaa4-4a0f-897b-b11d70d2f5bd.jpg'),(261,4,'환상의 용','/webtoon/list.nhn?titleId=765471&weekday=fri','https://shared-comic.pstatic.net/thumb/webtoon/765471/thumbnail/thumbnail_IMAG10_0faef97c-ebe0-4d75-abe7-a56ede4079f5.jpg'),(262,4,'가슴털 로망스','/webtoon/list.nhn?titleId=729963&weekday=fri','https://shared-comic.pstatic.net/thumb/webtoon/729963/thumbnail/thumbnail_IMAG10_43c309d8-19f8-4ad6-8ad4-707208fbaeb0.jpg'),(263,4,'A.I. 닥터','/webtoon/list.nhn?titleId=765804&weekday=fri','https://shared-comic.pstatic.net/thumb/webtoon/765804/thumbnail/thumbnail_IMAG10_12ae7306-467b-457e-895f-24a286dec8f6.jpg'),(264,4,'그 기사가 레이디로 사는 법','/webtoon/list.nhn?titleId=758675&weekday=fri','https://shared-comic.pstatic.net/thumb/webtoon/758675/thumbnail/thumbnail_IMAG10_e9ab6117-bef6-48a0-bb67-4d986179eb19.jpg'),(265,4,'태권보이','/webtoon/list.nhn?titleId=771330&weekday=fri','https://shared-comic.pstatic.net/thumb/webtoon/771330/thumbnail/thumbnail_IMAG10_8f97a7dc-1a1a-4f3a-a66f-38feddf8515b.jpg'),(266,4,'감자마을','/webtoon/list.nhn?titleId=759418&weekday=fri','https://shared-comic.pstatic.net/thumb/webtoon/759418/thumbnail/thumbnail_IMAG10_f4ee493e-07bd-471f-badf-254bd7ff8bcd.jpg'),(267,4,'거래','/webtoon/list.nhn?titleId=764022&weekday=fri','https://shared-comic.pstatic.net/thumb/webtoon/764022/thumbnail/thumbnail_IMAG10_0e26962e-2e11-4649-9a3a-faa1741a0ff4.jpg'),(268,4,'닥터 프로스트 시즌 3~4','/webtoon/list.nhn?titleId=655749&weekday=fri','https://shared-comic.pstatic.net/thumb/webtoon/655749/thumbnail/thumbnail_IMAG10_706e422b-6fd5-4a77-a501-cbc1da21bf09.jpg'),(269,4,'사람의 조각','/webtoon/list.nhn?titleId=765821&weekday=fri','https://shared-comic.pstatic.net/thumb/webtoon/765821/thumbnail/thumbnail_IMAG10_0d622466-4775-4c86-8f3a-f4ae9f0430ce.jpg'),(270,4,'피와 나비','/webtoon/list.nhn?titleId=749633&weekday=fri','https://shared-comic.pstatic.net/thumb/webtoon/749633/thumbnail/thumbnail_IMAG10_f634f59e-1714-45cd-a7f6-17853daf80b7.jpg'),(271,4,'후덜덜덜 남극전자','/webtoon/list.nhn?titleId=732036&weekday=fri','https://shared-comic.pstatic.net/thumb/webtoon/732036/thumbnail/thumbnail_IMAG10_8b515b33-a333-4be4-9d82-fd23d4337378.jpg'),(272,4,'악몽일기','/webtoon/list.nhn?titleId=766626&weekday=fri','https://shared-comic.pstatic.net/thumb/webtoon/766626/thumbnail/thumbnail_IMAG10_b4d67898-72d3-4d57-b413-7d8bd0eb7b41.jpg'),(273,4,'너의 미소가 함정','/webtoon/list.nhn?titleId=741467&weekday=fri','https://shared-comic.pstatic.net/thumb/webtoon/741467/thumbnail/thumbnail_IMAG10_24734aa1-9ba3-4cbb-bafd-caeb5c3a0097.jpg'),(274,4,'아찔한 전남편','/webtoon/list.nhn?titleId=769747&weekday=fri','https://shared-comic.pstatic.net/thumb/webtoon/769747/thumbnail/thumbnail_IMAG10_8d458eff-dd80-4b20-84d5-9e4e8ff5e0dd.jpg'),(275,4,'빨리감기','/webtoon/list.nhn?titleId=764040&weekday=fri','https://shared-comic.pstatic.net/thumb/webtoon/764040/thumbnail/thumbnail_IMAG10_bfd0bfbf-667e-4f37-97db-64fd7ab2798a.jpg'),(276,4,'방과후 선녀','/webtoon/list.nhn?titleId=761587&weekday=fri','https://shared-comic.pstatic.net/thumb/webtoon/761587/thumbnail/thumbnail_IMAG10_6302d19c-adc2-456e-a257-2c3e3e1ab61b.jpg'),(277,4,'도무지 그애는','/webtoon/list.nhn?titleId=761496&weekday=fri','https://shared-comic.pstatic.net/thumb/webtoon/761496/thumbnail/thumbnail_IMAG10_42768598-88c0-420e-8b33-fbe12130640c.jpg'),(278,4,'썸내일','/webtoon/list.nhn?titleId=768470&weekday=fri','https://shared-comic.pstatic.net/thumb/webtoon/768470/thumbnail/thumbnail_IMAG10_50772fc5-a319-4d36-ad62-b7cc07ecbcd5.jpg'),(279,4,'찬란하지 않아도 괜찮아, 새벽','/webtoon/list.nhn?titleId=771011&weekday=fri','https://shared-comic.pstatic.net/thumb/webtoon/771011/thumbnail/thumbnail_IMAG10_8f5df026-a0b5-4d48-b7b5-fb45ee4178e3.jpg'),(280,4,'꽃 피우는 남자','/webtoon/list.nhn?titleId=764165&weekday=fri','https://shared-comic.pstatic.net/thumb/webtoon/764165/thumbnail/thumbnail_IMAG10_ff750037-6c17-46b8-aefa-395f457ff8ae.jpg'),(281,4,'구독금지','/webtoon/list.nhn?titleId=730466&weekday=fri','https://shared-comic.pstatic.net/thumb/webtoon/730466/thumbnail/thumbnail_IMAG10_9a910bcc-598d-41a6-bba0-739db6ecc322.jpg'),(282,4,'트럼프','/webtoon/list.nhn?titleId=524520&weekday=fri','https://shared-comic.pstatic.net/thumb/webtoon/524520/thumbnail/thumbnail_IMAG10_2d94230a-1466-4eae-a829-3d177e8fb7e8.jpg'),(283,4,'몽홀','/webtoon/list.nhn?titleId=644112&weekday=fri','https://shared-comic.pstatic.net/thumb/webtoon/644112/thumbnail/title_thumbnail_20150105174647_t83x90.jpg'),(284,4,'백년게임','/webtoon/list.nhn?titleId=751999&weekday=fri','https://shared-comic.pstatic.net/thumb/webtoon/751999/thumbnail/thumbnail_IMAG10_6493e45d-5024-4b2e-836b-9fd5117b2635.jpg'),(285,4,'구주의 시간','/webtoon/list.nhn?titleId=746835&weekday=fri','https://shared-comic.pstatic.net/thumb/webtoon/746835/thumbnail/thumbnail_IMAG10_2b12f26d-69c5-4fb8-9225-4bfc51c4cf12.jpg'),(286,4,'버그: 스티그마','/webtoon/list.nhn?titleId=724431&weekday=fri','https://shared-comic.pstatic.net/thumb/webtoon/724431/thumbnail/thumbnail_IMAG10_a5033ce6-cf1f-45c7-9a8c-49dd744bbdc6.jpg'),(287,4,'진짜 정말 맹세코 좋아해','/webtoon/list.nhn?titleId=755788&weekday=fri','https://shared-comic.pstatic.net/thumb/webtoon/755788/thumbnail/thumbnail_IMAG10_b3c061e2-63d3-4f8a-a0d8-3df52a084030.jpg'),(288,4,'강림전기 개정기','/webtoon/list.nhn?titleId=762777&weekday=fri','https://shared-comic.pstatic.net/thumb/webtoon/762777/thumbnail/thumbnail_IMAG10_2786b230-7585-4c95-80e8-16e8e8fa9f2d.jpg'),(289,4,'히트포인트','/webtoon/list.nhn?titleId=758677&weekday=fri','https://shared-comic.pstatic.net/thumb/webtoon/758677/thumbnail/thumbnail_IMAG10_d4b4e33a-0e3b-4769-85fb-3822f10e1db5.jpg'),(290,4,'매지컬 메디컬','/webtoon/list.nhn?titleId=753806&weekday=fri','https://shared-comic.pstatic.net/thumb/webtoon/753806/thumbnail/thumbnail_IMAG10_45c0edb8-5746-44c9-9034-713b94f0d9f9.jpg'),(291,4,'합법해적 파르페','/webtoon/list.nhn?titleId=729036&weekday=fri','https://shared-comic.pstatic.net/thumb/webtoon/729036/thumbnail/thumbnail_IMAG10_8b9ad702-9338-47ed-aaa5-69b70efb281e.jpg'),(292,5,'호랑이형님','/webtoon/list.nhn?titleId=650305&weekday=sat','https://shared-comic.pstatic.net/thumb/webtoon/650305/thumbnail/title_thumbnail_20161209212128_t83x90.jpg'),(293,5,'프리드로우','/webtoon/list.nhn?titleId=597447&weekday=sat','https://shared-comic.pstatic.net/thumb/webtoon/597447/thumbnail/title_thumbnail_20131102162055_t83x90.jpg'),(294,5,'모죠의 일지','/webtoon/list.nhn?titleId=728015&weekday=sat','https://shared-comic.pstatic.net/thumb/webtoon/728015/thumbnail/thumbnail_IMAG10_f31cda1b-72fa-409e-b1ab-9c4a4e212696.jpg'),(295,5,'취사병 전설이 되다','/webtoon/list.nhn?titleId=727188&weekday=sat','https://shared-comic.pstatic.net/thumb/webtoon/727188/thumbnail/thumbnail_IMAG10_f01cc201-02c6-4a40-8c1a-e3db0c256876.jpg'),(296,5,'광장','/webtoon/list.nhn?titleId=753509&weekday=sat','https://shared-comic.pstatic.net/thumb/webtoon/753509/thumbnail/thumbnail_IMAG10_ff7c28fa-14c5-4652-b3d7-653169e9b9fb.jpg'),(297,5,'욕망일기','/webtoon/list.nhn?titleId=762071&weekday=sat','https://shared-comic.pstatic.net/thumb/webtoon/762071/thumbnail/thumbnail_IMAG10_678df15d-10da-4118-a778-cd17f0ca4667.jpg'),(298,5,'노곤하개','/webtoon/list.nhn?titleId=702672&weekday=sat','https://shared-comic.pstatic.net/thumb/webtoon/702672/thumbnail/thumbnail_IMAG10_fc61362a-daff-4129-a2bf-d821fcff42bf.jpg'),(299,5,'힙한남자','/webtoon/list.nhn?titleId=758619&weekday=sat','https://shared-comic.pstatic.net/thumb/webtoon/758619/thumbnail/thumbnail_IMAG10_e00943fb-a374-457d-822a-120f1de5afb3.jpg'),(300,5,'청춘 블라썸','/webtoon/list.nhn?titleId=746834&weekday=sat','https://shared-comic.pstatic.net/thumb/webtoon/746834/thumbnail/thumbnail_IMAG10_ef161cee-2248-446e-99e7-f6bcd8ded7b5.jpg'),(301,5,'토끼대왕','/webtoon/list.nhn?titleId=742826&weekday=sat','https://shared-comic.pstatic.net/thumb/webtoon/742826/thumbnail/thumbnail_IMAG10_0e4dc2ea-de51-4100-9047-ab4390a30b9c.jpg'),(302,5,'아홉수 우리들','/webtoon/list.nhn?titleId=724815&weekday=sat','https://shared-comic.pstatic.net/thumb/webtoon/724815/thumbnail/thumbnail_IMAG10_66484126-6730-4eae-acc4-5ca2d91a0851.jpg'),(303,5,'나이트런','/webtoon/list.nhn?titleId=64997&weekday=sat','https://shared-comic.pstatic.net/thumb/webtoon/64997/thumbnail/title_thumbnail_20110515001535_t83x90.jpg'),(304,5,'나를 바꿔줘','/webtoon/list.nhn?titleId=733280&weekday=sat','https://shared-comic.pstatic.net/thumb/webtoon/733280/thumbnail/thumbnail_IMAG10_6e31cdd0-a6be-4929-ac5b-b676997ad8a5.jpg'),(305,5,'좀비 파이트','/webtoon/list.nhn?titleId=765157&weekday=sat','https://shared-comic.pstatic.net/thumb/webtoon/765157/thumbnail/thumbnail_IMAG10_cd8edb81-895b-441b-a63f-b29ad5eb04a1.jpg'),(306,5,'어글리후드','/webtoon/list.nhn?titleId=703630&weekday=sat','https://shared-comic.pstatic.net/thumb/webtoon/703630/thumbnail/thumbnail_IMAG10_2d640bb7-e140-4d3f-99c9-207d4442cf5c.jpg'),(307,5,'피라미드 게임','/webtoon/list.nhn?titleId=739127&weekday=sat','https://shared-comic.pstatic.net/thumb/webtoon/739127/thumbnail/thumbnail_IMAG10_184033c9-2452-4428-b2a6-741f3e54a98c.jpg'),(308,5,'반드시 해피엔딩','/webtoon/list.nhn?titleId=769568&weekday=sat','https://shared-comic.pstatic.net/thumb/webtoon/769568/thumbnail/thumbnail_IMAG10_7fc6c51f-7e8b-4c42-92e6-a2106b95a97d.jpg'),(309,5,'동트는 로맨스','/webtoon/list.nhn?titleId=746285&weekday=sat','https://shared-comic.pstatic.net/thumb/webtoon/746285/thumbnail/thumbnail_IMAG10_b59baea4-d194-4618-b40b-c4c547b4152c.jpg'),(310,5,'중매쟁이 아가 황녀님','/webtoon/list.nhn?titleId=771065&weekday=sat','https://shared-comic.pstatic.net/thumb/webtoon/771065/thumbnail/thumbnail_IMAG10_3ca259a2-cb79-407a-86e0-d6ef47855b36.jpg'),(311,5,'갓핑크','/webtoon/list.nhn?titleId=715159&weekday=sat','https://shared-comic.pstatic.net/thumb/webtoon/715159/thumbnail/thumbnail_IMAG10_320c4a09-d0d3-43b1-be41-f713846ee0f9.jpg'),(312,5,'지옥급식','/webtoon/list.nhn?titleId=762277&weekday=sat','https://shared-comic.pstatic.net/thumb/webtoon/762277/thumbnail/thumbnail_IMAG10_f0939c87-51b1-44c8-a8de-8070913799b7.jpg'),(313,5,'두번째 생일','/webtoon/list.nhn?titleId=739292&weekday=sat','https://shared-comic.pstatic.net/thumb/webtoon/739292/thumbnail/thumbnail_IMAG10_d07c8396-80ec-4f39-903a-8b42b8ca2ce4.jpg'),(314,5,'나태 공자, 노력 천재 되다','/webtoon/list.nhn?titleId=772853&weekday=sat','https://shared-comic.pstatic.net/thumb/webtoon/772853/thumbnail/thumbnail_IMAG10_e6351411-f883-4ea9-89f4-1ab98be99351.jpg'),(315,5,'공유몽','/webtoon/list.nhn?titleId=729047&weekday=sat','https://shared-comic.pstatic.net/thumb/webtoon/729047/thumbnail/thumbnail_IMAG10_9a8db8ca-3aab-4176-b88f-442344f9d986.jpg'),(316,5,'왕년엔 용사님','/webtoon/list.nhn?titleId=755744&weekday=sat','https://shared-comic.pstatic.net/thumb/webtoon/755744/thumbnail/thumbnail_IMAG10_7e848d16-3de2-4a31-b2f5-db9ab703cabc.jpg'),(317,5,'먹이','/webtoon/list.nhn?titleId=724274&weekday=sat','https://shared-comic.pstatic.net/thumb/webtoon/724274/thumbnail/thumbnail_IMAG10_5bc5667d-0774-4c1c-a262-b99880896681.jpg'),(318,5,'단편.zip','/webtoon/list.nhn?titleId=755581&weekday=sat','https://shared-comic.pstatic.net/thumb/webtoon/755581/thumbnail/thumbnail_IMAG10_e7e3fd8d-1776-46a2-97de-08a9413452b0.jpg'),(319,5,'남자주인공의 여자사람친구입니다','/webtoon/list.nhn?titleId=752340&weekday=sat','https://shared-comic.pstatic.net/thumb/webtoon/752340/thumbnail/thumbnail_IMAG10_0783a139-0d3f-4e21-a321-b2a4cb224492.jpg'),(320,5,'웰캄투실버라이프','/webtoon/list.nhn?titleId=749456&weekday=sat','https://shared-comic.pstatic.net/thumb/webtoon/749456/thumbnail/thumbnail_IMAG10_daad9f61-f0d2-4043-aad0-0161a8003745.jpg'),(321,5,'광해의 연인','/webtoon/list.nhn?titleId=750582&weekday=sat','https://shared-comic.pstatic.net/thumb/webtoon/750582/thumbnail/thumbnail_IMAG10_8ddaafa0-c129-47de-b064-54da7abef9f7.jpg'),(322,5,'태백 : 튜토리얼 맨','/webtoon/list.nhn?titleId=755559&weekday=sat','https://shared-comic.pstatic.net/thumb/webtoon/755559/thumbnail/thumbnail_IMAG10_d5570aa7-e7da-4d11-b807-5239e2e3874c.jpg'),(323,5,'내게 필요한 NO맨스','/webtoon/list.nhn?titleId=753975&weekday=sat','https://shared-comic.pstatic.net/thumb/webtoon/753975/thumbnail/thumbnail_IMAG10_b55c1caa-1076-4aad-ab31-066c039ac9af.jpg'),(324,5,'군주','/webtoon/list.nhn?titleId=762236&weekday=sat','https://shared-comic.pstatic.net/thumb/webtoon/762236/thumbnail/thumbnail_IMAG10_00e0e8a1-af22-45f6-92cd-7b6f12d4861e.jpg'),(325,5,'왕세자 입학도','/webtoon/list.nhn?titleId=739411&weekday=sat','https://shared-comic.pstatic.net/thumb/webtoon/739411/thumbnail/thumbnail_IMAG10_98c520c6-247a-4d01-9fee-f50fa4e3890c.jpg'),(326,5,'2-3승강장','/webtoon/list.nhn?titleId=770019&weekday=sat','https://shared-comic.pstatic.net/thumb/webtoon/770019/thumbnail/thumbnail_IMAG10_2a362375-d7f1-41a8-a521-30cf52de3028.jpg'),(327,5,'키스 식스 센스','/webtoon/list.nhn?titleId=770964&weekday=sat','https://shared-comic.pstatic.net/thumb/webtoon/770964/thumbnail/thumbnail_IMAG10_98bbda24-565f-49e2-9237-4f566d374a2d.jpg'),(328,5,'저무는 해, 시린 눈','/webtoon/list.nhn?titleId=746833&weekday=sat','https://shared-comic.pstatic.net/thumb/webtoon/746833/thumbnail/thumbnail_IMAG10_91acd6ab-2d8c-4e49-8538-5c7e431bd4a7.jpg'),(329,5,'율리','/webtoon/list.nhn?titleId=765470&weekday=sat','https://shared-comic.pstatic.net/thumb/webtoon/765470/thumbnail/thumbnail_IMAG10_ac3b1b22-3046-45ee-acf9-31408cbd0845.jpg'),(330,5,'동네몬스터','/webtoon/list.nhn?titleId=749054&weekday=sat','https://shared-comic.pstatic.net/thumb/webtoon/749054/thumbnail/thumbnail_IMAG10_e1114f99-0365-4470-9d99-43312da51b7c.jpg'),(331,5,'더 나우','/webtoon/list.nhn?titleId=769802&weekday=sat','https://shared-comic.pstatic.net/thumb/webtoon/769802/thumbnail/thumbnail_IMAG10_f6fe3f2e-61d4-4f6b-8d17-ebc5b62b217d.jpg'),(332,5,'압락사스','/webtoon/list.nhn?titleId=729563&weekday=sat','https://shared-comic.pstatic.net/thumb/webtoon/729563/thumbnail/thumbnail_IMAG10_d497111a-6728-45c2-924e-c2d032650c16.jpg'),(333,5,'팔려 온 신부','/webtoon/list.nhn?titleId=757579&weekday=sat','https://shared-comic.pstatic.net/thumb/webtoon/757579/thumbnail/thumbnail_IMAG10_b1cf47c0-8683-42ee-bb58-dce10af654f4.jpg'),(334,5,'좋은데 어떡해','/webtoon/list.nhn?titleId=764951&weekday=sat','https://shared-comic.pstatic.net/thumb/webtoon/764951/thumbnail/thumbnail_IMAG10_02bf594d-6b70-4ace-8fc5-5e8c44ec9e4b.jpg'),(335,5,'모두 너였다','/webtoon/list.nhn?titleId=764128&weekday=sat','https://shared-comic.pstatic.net/thumb/webtoon/764128/thumbnail/thumbnail_IMAG10_3dcc3a7a-5a75-4187-9930-95490c35cb7a.jpg'),(336,5,'오늘부터 천생연분','/webtoon/list.nhn?titleId=761709&weekday=sat','https://shared-comic.pstatic.net/thumb/webtoon/761709/thumbnail/thumbnail_IMAG10_5420fbef-c608-47e3-8a95-373644d017f3.jpg'),(337,5,'아가사','/webtoon/list.nhn?titleId=769193&weekday=sat','https://shared-comic.pstatic.net/thumb/webtoon/769193/thumbnail/thumbnail_IMAG10_2935baf2-a8c0-41c2-9ccc-1ec61a412699.jpg'),(338,5,'홍시는 날 좋아해!','/webtoon/list.nhn?titleId=703839&weekday=sat','https://shared-comic.pstatic.net/thumb/webtoon/703839/thumbnail/thumbnail_IMAG10_701e4038-8bc6-4d4b-accc-230865d1ca25.jpg'),(339,5,'후아유!','/webtoon/list.nhn?titleId=753973&weekday=sat','https://shared-comic.pstatic.net/thumb/webtoon/753973/thumbnail/thumbnail_IMAG10_cc7ab0bf-bc6e-4c2d-b502-3ea928194d32.jpg'),(340,5,'도사 가온','/webtoon/list.nhn?titleId=733277&weekday=sat','https://shared-comic.pstatic.net/thumb/webtoon/733277/thumbnail/thumbnail_IMAG10_64e26284-ff6c-4998-9025-41a1118d09fd.jpg'),(341,5,'손 잡아 볼래?','/webtoon/list.nhn?titleId=756789&weekday=sat','https://shared-comic.pstatic.net/thumb/webtoon/756789/thumbnail/thumbnail_IMAG10_d61c4c67-68c2-44bf-a9e0-df6d3c30fc9a.jpg'),(342,5,'안녕, 이바다씨','/webtoon/list.nhn?titleId=748532&weekday=sat','https://shared-comic.pstatic.net/thumb/webtoon/748532/thumbnail/thumbnail_IMAG10_d419b844-ecd6-4099-bde1-efdc7ed28720.jpg'),(343,5,'아침을 지나 밤으로','/webtoon/list.nhn?titleId=753304&weekday=sat','https://shared-comic.pstatic.net/thumb/webtoon/753304/thumbnail/thumbnail_IMAG10_c44ead03-6930-4587-ba4e-d05b91271c1b.jpg'),(344,5,'누군가의 로섬','/webtoon/list.nhn?titleId=742888&weekday=sat','https://shared-comic.pstatic.net/thumb/webtoon/742888/thumbnail/thumbnail_IMAG10_863d6e45-168d-43e6-820c-47fc1fe30a1f.jpg'),(345,5,'인간졸업','/webtoon/list.nhn?titleId=754780&weekday=sat','https://shared-comic.pstatic.net/thumb/webtoon/754780/thumbnail/thumbnail_IMAG10_efbfb993-5a60-4c92-b9d7-bdd4cfca1efe.jpg'),(346,5,'언플래시레슨','/webtoon/list.nhn?titleId=762778&weekday=sat','https://shared-comic.pstatic.net/thumb/webtoon/762778/thumbnail/thumbnail_IMAG10_1e555641-677b-43f9-962e-7db9b5a692f9.jpg'),(347,5,'친구의 비밀계정','/webtoon/list.nhn?titleId=761592&weekday=sat','https://shared-comic.pstatic.net/thumb/webtoon/761592/thumbnail/thumbnail_IMAG10_ebaf9c0f-11ab-4fca-8186-784657ceb7a3.jpg'),(348,5,'함부로 대해줘','/webtoon/list.nhn?titleId=742782&weekday=sat','https://shared-comic.pstatic.net/thumb/webtoon/742782/thumbnail/thumbnail_IMAG10_ecd43041-f543-4da3-96e7-42bb02ed9210.jpg'),(349,5,'어른의 계절','/webtoon/list.nhn?titleId=740135&weekday=sat','https://shared-comic.pstatic.net/thumb/webtoon/740135/thumbnail/thumbnail_IMAG10_49bc1138-6218-4755-b951-432dba04a75e.jpg'),(350,6,'독립일기','/webtoon/list.nhn?titleId=748105&weekday=sun','https://shared-comic.pstatic.net/thumb/webtoon/748105/thumbnail/thumbnail_IMAG10_becd3e24-cc09-4243-a1c9-646270f4a8db.jpg'),(351,6,'싸움독학','/webtoon/list.nhn?titleId=736277&weekday=sun','https://shared-comic.pstatic.net/thumb/webtoon/736277/thumbnail/thumbnail_IMAG10_3ff8475e-6085-4188-a359-920a8801b419.jpg'),(352,6,'이번 생도 잘 부탁해','/webtoon/list.nhn?titleId=746858&weekday=sun','https://shared-comic.pstatic.net/thumb/webtoon/746858/thumbnail/thumbnail_IMAG10_4568450b-830e-42a2-b088-53a0666fa4fb.jpg'),(353,6,'약한영웅','/webtoon/list.nhn?titleId=710751&weekday=sun','https://shared-comic.pstatic.net/thumb/webtoon/710751/thumbnail/thumbnail_IMAG10_f0f51e5a-a2f2-4404-8ace-866ab7fd1af3.jpg'),(354,6,'열렙전사','/webtoon/list.nhn?titleId=670152&weekday=sun','https://shared-comic.pstatic.net/thumb/webtoon/670152/thumbnail/title_thumbnail_20160122210643_t83x90.jpg'),(355,6,'입학용병','/webtoon/list.nhn?titleId=758150&weekday=sun','https://shared-comic.pstatic.net/thumb/webtoon/758150/thumbnail/thumbnail_IMAG10_c03df7c9-dbf3-4314-8699-04ce77fb4444.jpg'),(356,6,'맘마미안','/webtoon/list.nhn?titleId=729326&weekday=sun','https://shared-comic.pstatic.net/thumb/webtoon/729326/thumbnail/thumbnail_IMAG10_ce9a3264-eabc-4f64-bf47-a620ed4f8899.jpg'),(357,6,'소녀재판','/webtoon/list.nhn?titleId=743838&weekday=sun','https://shared-comic.pstatic.net/thumb/webtoon/743838/thumbnail/thumbnail_IMAG10_74885554-1f99-4d1c-b826-e81a677b907d.jpg'),(358,6,'테러대부활','/webtoon/list.nhn?titleId=761565&weekday=sun','https://shared-comic.pstatic.net/thumb/webtoon/761565/thumbnail/thumbnail_IMAG10_6395d136-4553-405e-b496-a5fb7b50d69d.jpg'),(359,6,'곱게 키웠더니, 짐승','/webtoon/list.nhn?titleId=761104&weekday=sun','https://shared-comic.pstatic.net/thumb/webtoon/761104/thumbnail/thumbnail_IMAG10_20a0c862-dc88-459d-abeb-19971a17a0b8.jpg'),(360,6,'천하제일인','/webtoon/list.nhn?titleId=751207&weekday=sun','https://shared-comic.pstatic.net/thumb/webtoon/751207/thumbnail/thumbnail_IMAG10_be8bb974-c5a1-414b-93e5-a7895c2b9059.jpg'),(361,6,'오로지 너를 이기고 싶어','/webtoon/list.nhn?titleId=730657&weekday=sun','https://shared-comic.pstatic.net/thumb/webtoon/730657/thumbnail/thumbnail_IMAG10_aef09814-f0ba-4a80-96e7-e2b855974738.jpg'),(362,6,'나만 보여!','/webtoon/list.nhn?titleId=763308&weekday=sun','https://shared-comic.pstatic.net/thumb/webtoon/763308/thumbnail/thumbnail_IMAG10_4e7b1c98-9a35-4f3d-a2d4-47e4632d97a7.jpg'),(363,6,'살아남은 로맨스','/webtoon/list.nhn?titleId=764129&weekday=sun','https://shared-comic.pstatic.net/thumb/webtoon/764129/thumbnail/thumbnail_IMAG10_a6037df8-d210-452e-a2db-edbbe1f9ac53.jpg'),(364,6,'내일','/webtoon/list.nhn?titleId=695796&weekday=sun','https://shared-comic.pstatic.net/thumb/webtoon/695796/thumbnail/thumbnail_IMAG10_45196bec-1bff-4b89-8c2d-bd182cea01a9.jpg'),(365,6,'행성인간','/webtoon/list.nhn?titleId=733047&weekday=sun','https://shared-comic.pstatic.net/thumb/webtoon/733047/thumbnail/thumbnail_IMAG10_eea47446-e3b9-4cce-b291-222f0699e77a.jpg'),(366,6,'동생친구','/webtoon/list.nhn?titleId=767874&weekday=sun','https://shared-comic.pstatic.net/thumb/webtoon/767874/thumbnail/thumbnail_IMAG10_acf6aba7-07a4-4f69-9781-57ab77ef9b98.jpg'),(367,6,'별이삼샵','/webtoon/list.nhn?titleId=737628&weekday=sun','https://shared-comic.pstatic.net/thumb/webtoon/737628/thumbnail/thumbnail_IMAG10_f4a08d1f-b191-4646-be39-4a59555adfbe.jpg'),(368,6,'구름이 피워낸 꽃','/webtoon/list.nhn?titleId=727476&weekday=sun','https://shared-comic.pstatic.net/thumb/webtoon/727476/thumbnail/thumbnail_IMAG10_06e0ab0b-ab95-461e-887c-318b5e876f68.jpg'),(369,6,'마법스크롤 상인 지오','/webtoon/list.nhn?titleId=655746&weekday=sun','https://shared-comic.pstatic.net/thumb/webtoon/655746/thumbnail/thumbnail_IMAG10_261e36e7-8e8f-4640-bcf8-31232c5279b4.jpg'),(370,6,'합격시켜주세용','/webtoon/list.nhn?titleId=728128&weekday=sun','https://shared-comic.pstatic.net/thumb/webtoon/728128/thumbnail/thumbnail_IMAG10_6349dc0e-4eae-4d78-b5ee-a302dc717677.jpg'),(371,6,'가짜인간','/webtoon/list.nhn?titleId=766504&weekday=sun','https://shared-comic.pstatic.net/thumb/webtoon/766504/thumbnail/thumbnail_IMAG10_c90c55a5-0214-4e72-b6eb-658e6227b935.jpg'),(372,6,'전설의 화석','/webtoon/list.nhn?titleId=773473&weekday=sun','https://shared-comic.pstatic.net/thumb/webtoon/773473/thumbnail/thumbnail_IMAG10_5240b6b2-52a0-433b-ac9a-d56152107f66.jpg'),(373,6,'다이스(DICE)','/webtoon/list.nhn?titleId=557676&weekday=sun','https://shared-comic.pstatic.net/thumb/webtoon/557676/thumbnail/thumbnail_IMAG10_e44c2148-c07b-4ccb-b53a-1fee1c6e2122.jpg'),(374,6,'판사 이한영','/webtoon/list.nhn?titleId=759567&weekday=sun','https://shared-comic.pstatic.net/thumb/webtoon/759567/thumbnail/thumbnail_IMAG10_6cee56e9-d777-4c30-9500-503d6b7a879d.jpg'),(375,6,'벚꽃이 흩날릴 무렵','/webtoon/list.nhn?titleId=755982&weekday=sun','https://shared-comic.pstatic.net/thumb/webtoon/755982/thumbnail/thumbnail_IMAG10_21996945-cfc4-4752-b4d1-c0c792728879.jpg'),(376,6,'AI가 세상을 지배한다면','/webtoon/list.nhn?titleId=755674&weekday=sun','https://shared-comic.pstatic.net/thumb/webtoon/755674/thumbnail/thumbnail_IMAG10_652574d2-7cf3-4b69-89bf-f32cf74d13c6.jpg'),(377,6,'호수의 인어','/webtoon/list.nhn?titleId=771719&weekday=sun','https://shared-comic.pstatic.net/thumb/webtoon/771719/thumbnail/thumbnail_IMAG10_364a1696-334e-453d-a7ed-f24580a755c9.jpg'),(378,6,'강남도깨비','/webtoon/list.nhn?titleId=733728&weekday=sun','https://shared-comic.pstatic.net/thumb/webtoon/733728/thumbnail/thumbnail_IMAG10_7a59a85d-9d48-4564-8c78-4c96a0be92d9.jpg'),(379,6,'제타','/webtoon/list.nhn?titleId=773067&weekday=sun','https://shared-comic.pstatic.net/thumb/webtoon/773067/thumbnail/thumbnail_IMAG10_230655d6-9f14-49ab-a4ce-51fe590136c4.jpg'),(380,6,'굿 리스너','/webtoon/list.nhn?titleId=771933&weekday=sun','https://shared-comic.pstatic.net/thumb/webtoon/771933/thumbnail/thumbnail_IMAG10_2e0a9893-d9be-404e-be7c-23152cbf462a.jpg'),(381,6,'학교정벌','/webtoon/list.nhn?titleId=739097&weekday=sun','https://shared-comic.pstatic.net/thumb/webtoon/739097/thumbnail/thumbnail_IMAG10_11ac440f-add3-4120-a2e3-6bcf266f6074.jpg'),(382,6,'사람은 고쳐 쓰는 게 아니야!','/webtoon/list.nhn?titleId=758664&weekday=sun','https://shared-comic.pstatic.net/thumb/webtoon/758664/thumbnail/thumbnail_IMAG10_8efb6cc4-5076-483a-a81b-9c3407c5c557.jpg'),(383,6,'라일락 200%','/webtoon/list.nhn?titleId=736641&weekday=sun','https://shared-comic.pstatic.net/thumb/webtoon/736641/thumbnail/thumbnail_IMAG10_61ce8d7b-3788-4e28-a3b3-aad7c4067f1c.jpg'),(384,6,'평행도시','/webtoon/list.nhn?titleId=730607&weekday=sun','https://shared-comic.pstatic.net/thumb/webtoon/730607/thumbnail/thumbnail_IMAG10_92b30f3a-66b8-40cc-9395-7472632437f5.jpg'),(385,6,'아르세니아의 마법사','/webtoon/list.nhn?titleId=741458&weekday=sun','https://shared-comic.pstatic.net/thumb/webtoon/741458/thumbnail/thumbnail_IMAG10_4f4d207d-6c08-4393-8f44-e7e9c1d02618.jpg'),(386,6,'오른눈이 보는 세계','/webtoon/list.nhn?titleId=751992&weekday=sun','https://shared-comic.pstatic.net/thumb/webtoon/751992/thumbnail/thumbnail_IMAG10_e3e6fe5d-4b0e-4736-a229-7c2831480983.jpg'),(387,6,'결혼까지 망상했어!','/webtoon/list.nhn?titleId=761599&weekday=sun','https://shared-comic.pstatic.net/thumb/webtoon/761599/thumbnail/thumbnail_IMAG10_48192470-423d-4dab-9570-a091e90c6b3a.jpg'),(388,6,'생존로그','/webtoon/list.nhn?titleId=773027&weekday=sun','https://shared-comic.pstatic.net/thumb/webtoon/773027/thumbnail/thumbnail_IMAG10_3683aecb-def0-4d0b-9ac7-187ce75fbcff.jpg'),(389,6,'데빌샷','/webtoon/list.nhn?titleId=753842&weekday=sun','https://shared-comic.pstatic.net/thumb/webtoon/753842/thumbnail/thumbnail_IMAG10_e3670e7b-6bde-42d5-99f6-d971b30c6e3f.jpg'),(390,6,'잉여특공대','/webtoon/list.nhn?titleId=740387&weekday=sun','https://shared-comic.pstatic.net/thumb/webtoon/740387/thumbnail/thumbnail_IMAG10_ba41faf0-0bb2-4330-bd38-120c1d29f373.jpg'),(391,6,'두근두근 연극부','/webtoon/list.nhn?titleId=758663&weekday=sun','https://shared-comic.pstatic.net/thumb/webtoon/758663/thumbnail/thumbnail_IMAG10_e92c24f6-cc1a-436b-9645-728ccfa3408b.jpg'),(392,6,'조선여우스캔들','/webtoon/list.nhn?titleId=758676&weekday=sun','https://shared-comic.pstatic.net/thumb/webtoon/758676/thumbnail/thumbnail_IMAG10_c128068c-407a-435a-bdf1-87774dfac235.jpg'),(393,6,'가비지타임','/webtoon/list.nhn?titleId=703844&weekday=sun','https://shared-comic.pstatic.net/thumb/webtoon/703844/thumbnail/thumbnail_IMAG10_45cb4f83-5985-4042-b6eb-401c18af4321.jpg'),(394,6,'오늘 밤만 재워줘','/webtoon/list.nhn?titleId=759641&weekday=sun','https://shared-comic.pstatic.net/thumb/webtoon/759641/thumbnail/thumbnail_IMAG10_35d679ca-6833-4d49-85ec-51ba1840ea6b.jpg'),(395,6,'라커, 오프너','/webtoon/list.nhn?titleId=761514&weekday=sun','https://shared-comic.pstatic.net/thumb/webtoon/761514/thumbnail/thumbnail_IMAG10_c1456ca9-9a5c-4089-a847-9103761ae35a.jpg'),(396,6,'푸른불꽃','/webtoon/list.nhn?titleId=768467&weekday=sun','https://shared-comic.pstatic.net/thumb/webtoon/768467/thumbnail/thumbnail_IMAG10_5fadf634-eaab-4edd-8292-93b8304368e7.jpg'),(397,6,'소녀 해미','/webtoon/list.nhn?titleId=745409&weekday=sun','https://shared-comic.pstatic.net/thumb/webtoon/745409/thumbnail/thumbnail_IMAG10_3757e849-e5f9-47eb-8d22-2c29524c10df.jpg'),(398,6,'죽여주는 탐정님','/webtoon/list.nhn?titleId=744313&weekday=sun','https://shared-comic.pstatic.net/thumb/webtoon/744313/thumbnail/thumbnail_IMAG10_8d2af48d-0f5c-4353-8b09-ffa7fbb57b38.jpg'),(399,6,'위험한 신입사원','/webtoon/list.nhn?titleId=729883&weekday=sun','https://shared-comic.pstatic.net/thumb/webtoon/729883/thumbnail/thumbnail_IMAG10_b0eeb3fc-b1c7-4b06-93ca-86055021647c.jpg'),(400,6,'마도','/webtoon/list.nhn?titleId=737021&weekday=sun','https://shared-comic.pstatic.net/thumb/webtoon/737021/thumbnail/thumbnail_IMAG10_ddc03348-11b0-470b-bb76-688776b94479.jpg'),(401,6,'데이즈','/webtoon/list.nhn?titleId=752462&weekday=sun','https://shared-comic.pstatic.net/thumb/webtoon/752462/thumbnail/thumbnail_IMAG10_491373a1-e80e-4ecc-bb3a-10a1fe1d1ebb.jpg'),(402,6,'샤인 스타','/webtoon/list.nhn?titleId=758665&weekday=sun','https://shared-comic.pstatic.net/thumb/webtoon/758665/thumbnail/thumbnail_IMAG10_477b3194-090a-45db-a203-ac808bc6e30d.jpg'),(403,6,'호시탐탐','/webtoon/list.nhn?titleId=758145&weekday=sun','https://shared-comic.pstatic.net/thumb/webtoon/758145/thumbnail/thumbnail_IMAG10_2ce1e536-232c-4ea4-acbe-36da3659e1ad.jpg'),(404,6,'신이 담긴 아이','/webtoon/list.nhn?titleId=745652&weekday=sun','https://shared-comic.pstatic.net/thumb/webtoon/745652/thumbnail/thumbnail_IMAG10_f12e85e6-c697-470d-90db-9b5a0e924620.jpg');
/*!40000 ALTER TABLE `webtoon` ENABLE KEYS */;
UNLOCK TABLES;

--
-- Table structure for table `webtoon_list`
--

DROP TABLE IF EXISTS `webtoon_list`;
/*!40101 SET @saved_cs_client     = @@character_set_client */;
/*!50503 SET character_set_client = utf8mb4 */;
CREATE TABLE `webtoon_list` (
  `id` varchar(10) DEFAULT NULL,
  `num` int NOT NULL AUTO_INCREMENT,
  `thumb` varchar(2000) NOT NULL,
  `title` varchar(30) NOT NULL,
  `url` varchar(255) DEFAULT NULL,
  `day` varchar(10) DEFAULT NULL,
  PRIMARY KEY (`num`)
) ENGINE=InnoDB AUTO_INCREMENT=11 DEFAULT CHARSET=utf8mb4 COLLATE=utf8mb4_0900_ai_ci;
/*!40101 SET character_set_client = @saved_cs_client */;

--
-- Dumping data for table `webtoon_list`
--

LOCK TABLES `webtoon_list` WRITE;
/*!40000 ALTER TABLE `webtoon_list` DISABLE KEYS */;
INSERT INTO `webtoon_list` VALUES ('183559',1,'https://shared-comic.pstatic.net/thumb/webtoon/183559/491/thumbnail_202x120_382ed5dc-53ee-4afd-b6ad-c74993afe254.jpg','3부 72화','/webtoon/detail.nhn?titleId=183559&no=491&weekday=mon','2021.06.06'),('183559',2,'https://shared-comic.pstatic.net/thumb/webtoon/183559/490/thumbnail_202x120_dd523cde-6348-477b-883c-d1791391340d.jpg','3부 71화','/webtoon/detail.nhn?titleId=183559&no=490&weekday=mon','2021.05.30'),('183559',3,'https://shared-comic.pstatic.net/thumb/webtoon/183559/489/thumbnail_202x120_890b8ee4-74c5-440b-b697-209f52eefc22.jpg','3부 70화','/webtoon/detail.nhn?titleId=183559&no=489&weekday=mon','2021.05.23'),('183559',4,'https://shared-comic.pstatic.net/thumb/webtoon/183559/488/thumbnail_202x120_74f99d27-0bc1-4ecb-87e9-cec78ed44aa7.jpg','3부 69화','/webtoon/detail.nhn?titleId=183559&no=488&weekday=mon','2021.05.16'),('183559',5,'https://shared-comic.pstatic.net/thumb/webtoon/183559/487/thumbnail_202x120_fda662f6-b6db-4861-a162-532dc4be8529.jpg','3부 68화','/webtoon/detail.nhn?titleId=183559&no=487&weekday=mon','2020.06.21'),('183559',6,'https://shared-comic.pstatic.net/thumb/webtoon/183559/486/thumbnail_202x120_2edf7f5c-3818-4e7f-9db1-6aab1d27f9e4.jpg','3부 67화','/webtoon/detail.nhn?titleId=183559&no=486&weekday=mon','2020.06.14'),('183559',7,'https://shared-comic.pstatic.net/thumb/webtoon/183559/485/thumbnail_202x120_dab520b1-4543-4ce0-8078-f6ef3b5a835d.jpg','3부 66화','/webtoon/detail.nhn?titleId=183559&no=485&weekday=mon','2020.06.07'),('183559',8,'https://shared-comic.pstatic.net/thumb/webtoon/183559/484/thumbnail_202x120_f6076e67-501c-408a-8693-6f7c5e1c9081.jpg','3부 65화','/webtoon/detail.nhn?titleId=183559&no=484&weekday=mon','2020.05.31'),('183559',9,'https://shared-comic.pstatic.net/thumb/webtoon/183559/483/thumbnail_202x120_928845a3-eeaf-441a-adf2-cdb82b7240c3.jpg','3부 64화','/webtoon/detail.nhn?titleId=183559&no=483&weekday=mon','2020.05.24'),('183559',10,'https://shared-comic.pstatic.net/thumb/webtoon/183559/482/thumbnail_202x120_720afd35-deae-406f-b6d5-2d66c2e5bad9.jpg','3부 63화','/webtoon/detail.nhn?titleId=183559&no=482&weekday=mon','2020.05.17');
/*!40000 ALTER TABLE `webtoon_list` ENABLE KEYS */;
UNLOCK TABLES;

--
-- Table structure for table `webtoon_view`
--

DROP TABLE IF EXISTS `webtoon_view`;
/*!40101 SET @saved_cs_client     = @@character_set_client */;
/*!50503 SET character_set_client = utf8mb4 */;
CREATE TABLE `webtoon_view` (
  `num` int NOT NULL AUTO_INCREMENT,
  `url` varchar(255) DEFAULT NULL,
  `img` varchar(2000) DEFAULT NULL,
  PRIMARY KEY (`num`)
) ENGINE=InnoDB AUTO_INCREMENT=128 DEFAULT CHARSET=utf8mb4 COLLATE=utf8mb4_0900_ai_ci;
/*!40101 SET character_set_client = @saved_cs_client */;

--
-- Dumping data for table `webtoon_view`
--

LOCK TABLES `webtoon_view` WRITE;
/*!40000 ALTER TABLE `webtoon_view` DISABLE KEYS */;
INSERT INTO `webtoon_view` VALUES (1,'https://comic.naver.com/webtoon/detail.nhn?titleId=183559&no=491','https://image-comic.pstatic.net/webtoon/183559/491/20210514182911_dbea6b56de3390950232a3f53cbb677b_IMAG01_1.jpg'),(2,'https://comic.naver.com/webtoon/detail.nhn?titleId=183559&no=491','https://image-comic.pstatic.net/webtoon/183559/491/20210514182911_dbea6b56de3390950232a3f53cbb677b_IMAG01_2.jpg'),(3,'https://comic.naver.com/webtoon/detail.nhn?titleId=183559&no=491','https://image-comic.pstatic.net/webtoon/183559/491/20210514182911_dbea6b56de3390950232a3f53cbb677b_IMAG01_3.jpg'),(4,'https://comic.naver.com/webtoon/detail.nhn?titleId=183559&no=491','https://image-comic.pstatic.net/webtoon/183559/491/20210514182911_dbea6b56de3390950232a3f53cbb677b_IMAG01_4.jpg'),(5,'https://comic.naver.com/webtoon/detail.nhn?titleId=183559&no=491','https://image-comic.pstatic.net/webtoon/183559/491/20210514182911_dbea6b56de3390950232a3f53cbb677b_IMAG01_5.jpg'),(6,'https://comic.naver.com/webtoon/detail.nhn?titleId=183559&no=491','https://image-comic.pstatic.net/webtoon/183559/491/20210514182911_dbea6b56de3390950232a3f53cbb677b_IMAG01_6.jpg'),(7,'https://comic.naver.com/webtoon/detail.nhn?titleId=183559&no=491','https://image-comic.pstatic.net/webtoon/183559/491/20210514182911_dbea6b56de3390950232a3f53cbb677b_IMAG01_7.jpg'),(8,'https://comic.naver.com/webtoon/detail.nhn?titleId=183559&no=491','https://image-comic.pstatic.net/webtoon/183559/491/20210514182911_dbea6b56de3390950232a3f53cbb677b_IMAG01_8.jpg'),(9,'https://comic.naver.com/webtoon/detail.nhn?titleId=183559&no=491','https://image-comic.pstatic.net/webtoon/183559/491/20210514182911_dbea6b56de3390950232a3f53cbb677b_IMAG01_9.jpg'),(10,'https://comic.naver.com/webtoon/detail.nhn?titleId=183559&no=491','https://image-comic.pstatic.net/webtoon/183559/491/20210514182911_dbea6b56de3390950232a3f53cbb677b_IMAG01_10.jpg'),(11,'https://comic.naver.com/webtoon/detail.nhn?titleId=183559&no=491','https://image-comic.pstatic.net/webtoon/183559/491/20210514182911_dbea6b56de3390950232a3f53cbb677b_IMAG01_11.jpg'),(12,'https://comic.naver.com/webtoon/detail.nhn?titleId=183559&no=491','https://image-comic.pstatic.net/webtoon/183559/491/20210514182911_dbea6b56de3390950232a3f53cbb677b_IMAG01_12.jpg'),(13,'https://comic.naver.com/webtoon/detail.nhn?titleId=183559&no=491','https://image-comic.pstatic.net/webtoon/183559/491/20210514182911_dbea6b56de3390950232a3f53cbb677b_IMAG01_13.jpg'),(14,'https://comic.naver.com/webtoon/detail.nhn?titleId=183559&no=491','https://image-comic.pstatic.net/webtoon/183559/491/20210514182911_dbea6b56de3390950232a3f53cbb677b_IMAG01_14.jpg'),(15,'https://comic.naver.com/webtoon/detail.nhn?titleId=183559&no=491','https://image-comic.pstatic.net/webtoon/183559/491/20210514182911_dbea6b56de3390950232a3f53cbb677b_IMAG01_15.jpg'),(16,'https://comic.naver.com/webtoon/detail.nhn?titleId=183559&no=491','https://image-comic.pstatic.net/webtoon/183559/491/20210514182911_dbea6b56de3390950232a3f53cbb677b_IMAG01_16.jpg'),(17,'https://comic.naver.com/webtoon/detail.nhn?titleId=183559&no=491','https://image-comic.pstatic.net/webtoon/183559/491/20210514182911_dbea6b56de3390950232a3f53cbb677b_IMAG01_17.jpg'),(18,'https://comic.naver.com/webtoon/detail.nhn?titleId=183559&no=491','https://image-comic.pstatic.net/webtoon/183559/491/20210514182911_dbea6b56de3390950232a3f53cbb677b_IMAG01_18.jpg'),(19,'https://comic.naver.com/webtoon/detail.nhn?titleId=183559&no=491','https://image-comic.pstatic.net/webtoon/183559/491/20210514182911_dbea6b56de3390950232a3f53cbb677b_IMAG01_19.jpg'),(20,'https://comic.naver.com/webtoon/detail.nhn?titleId=183559&no=491','https://image-comic.pstatic.net/webtoon/183559/491/20210514182911_dbea6b56de3390950232a3f53cbb677b_IMAG01_20.jpg'),(21,'https://comic.naver.com/webtoon/detail.nhn?titleId=183559&no=491','https://image-comic.pstatic.net/webtoon/183559/491/20210514182911_dbea6b56de3390950232a3f53cbb677b_IMAG01_21.jpg'),(22,'https://comic.naver.com/webtoon/detail.nhn?titleId=183559&no=491','https://image-comic.pstatic.net/webtoon/183559/491/20210514182911_dbea6b56de3390950232a3f53cbb677b_IMAG01_22.jpg'),(23,'https://comic.naver.com/webtoon/detail.nhn?titleId=183559&no=491','https://image-comic.pstatic.net/webtoon/183559/491/20210514182911_dbea6b56de3390950232a3f53cbb677b_IMAG01_23.jpg'),(24,'https://comic.naver.com/webtoon/detail.nhn?titleId=183559&no=491','https://image-comic.pstatic.net/webtoon/183559/491/20210514182911_dbea6b56de3390950232a3f53cbb677b_IMAG01_24.jpg'),(25,'https://comic.naver.com/webtoon/detail.nhn?titleId=183559&no=491','https://image-comic.pstatic.net/webtoon/183559/491/20210514182911_dbea6b56de3390950232a3f53cbb677b_IMAG01_25.jpg'),(26,'https://comic.naver.com/webtoon/detail.nhn?titleId=183559&no=491','https://image-comic.pstatic.net/webtoon/183559/491/20210514182911_dbea6b56de3390950232a3f53cbb677b_IMAG01_26.jpg'),(27,'https://comic.naver.com/webtoon/detail.nhn?titleId=183559&no=491','https://image-comic.pstatic.net/webtoon/183559/491/20210514182911_dbea6b56de3390950232a3f53cbb677b_IMAG01_27.jpg'),(28,'https://comic.naver.com/webtoon/detail.nhn?titleId=183559&no=491','https://image-comic.pstatic.net/webtoon/183559/491/20210514182911_dbea6b56de3390950232a3f53cbb677b_IMAG01_28.jpg'),(29,'https://comic.naver.com/webtoon/detail.nhn?titleId=183559&no=491','https://image-comic.pstatic.net/webtoon/183559/491/20210514182911_dbea6b56de3390950232a3f53cbb677b_IMAG01_29.jpg'),(30,'https://comic.naver.com/webtoon/detail.nhn?titleId=183559&no=491','https://image-comic.pstatic.net/webtoon/183559/491/20210514182911_dbea6b56de3390950232a3f53cbb677b_IMAG01_30.jpg'),(31,'https://comic.naver.com/webtoon/detail.nhn?titleId=183559&no=491','https://image-comic.pstatic.net/webtoon/183559/491/20210514182911_dbea6b56de3390950232a3f53cbb677b_IMAG01_31.jpg'),(32,'https://comic.naver.com/webtoon/detail.nhn?titleId=183559&no=491','https://image-comic.pstatic.net/webtoon/183559/491/20210514182911_dbea6b56de3390950232a3f53cbb677b_IMAG01_32.jpg'),(33,'https://comic.naver.com/webtoon/detail.nhn?titleId=183559&no=491','https://image-comic.pstatic.net/webtoon/183559/491/20210514182911_dbea6b56de3390950232a3f53cbb677b_IMAG01_33.jpg'),(34,'https://comic.naver.com/webtoon/detail.nhn?titleId=183559&no=491','https://image-comic.pstatic.net/webtoon/183559/491/20210514182911_dbea6b56de3390950232a3f53cbb677b_IMAG01_34.jpg'),(35,'https://comic.naver.com/webtoon/detail.nhn?titleId=183559&no=491','https://image-comic.pstatic.net/webtoon/183559/491/20210514182911_dbea6b56de3390950232a3f53cbb677b_IMAG01_35.jpg'),(36,'https://comic.naver.com/webtoon/detail.nhn?titleId=183559&no=491','https://image-comic.pstatic.net/webtoon/183559/491/20210514182911_dbea6b56de3390950232a3f53cbb677b_IMAG01_36.jpg'),(37,'https://comic.naver.com/webtoon/detail.nhn?titleId=183559&no=491','https://image-comic.pstatic.net/webtoon/183559/491/20210514182911_dbea6b56de3390950232a3f53cbb677b_IMAG01_37.jpg'),(38,'https://comic.naver.com/webtoon/detail.nhn?titleId=183559&no=491','https://image-comic.pstatic.net/webtoon/183559/491/20210514182911_dbea6b56de3390950232a3f53cbb677b_IMAG01_38.jpg'),(39,'https://comic.naver.com/webtoon/detail.nhn?titleId=183559&no=491','https://image-comic.pstatic.net/webtoon/183559/491/20210514182911_dbea6b56de3390950232a3f53cbb677b_IMAG01_39.jpg'),(40,'https://comic.naver.com/webtoon/detail.nhn?titleId=183559&no=491','https://image-comic.pstatic.net/webtoon/183559/491/20210514182911_dbea6b56de3390950232a3f53cbb677b_IMAG01_40.jpg'),(41,'https://comic.naver.com/webtoon/detail.nhn?titleId=183559&no=491','https://image-comic.pstatic.net/webtoon/183559/491/20210514182911_dbea6b56de3390950232a3f53cbb677b_IMAG01_41.jpg'),(42,'https://comic.naver.com/webtoon/detail.nhn?titleId=183559&no=491','https://image-comic.pstatic.net/webtoon/183559/491/20210514182911_dbea6b56de3390950232a3f53cbb677b_IMAG01_42.jpg'),(43,'https://comic.naver.com/webtoon/detail.nhn?titleId=183559&no=491','https://image-comic.pstatic.net/webtoon/183559/491/20210514182911_dbea6b56de3390950232a3f53cbb677b_IMAG01_43.jpg'),(44,'https://comic.naver.com/webtoon/detail.nhn?titleId=183559&no=491','https://image-comic.pstatic.net/webtoon/183559/491/20210514182911_dbea6b56de3390950232a3f53cbb677b_IMAG01_44.jpg'),(45,'https://comic.naver.com/webtoon/detail.nhn?titleId=183559&no=491','https://image-comic.pstatic.net/webtoon/183559/491/20210514182911_dbea6b56de3390950232a3f53cbb677b_IMAG01_45.jpg'),(46,'https://comic.naver.com/webtoon/detail.nhn?titleId=183559&no=491','https://image-comic.pstatic.net/webtoon/183559/491/20210514182911_dbea6b56de3390950232a3f53cbb677b_IMAG01_46.jpg'),(47,'https://comic.naver.com/webtoon/detail.nhn?titleId=183559&no=491','https://image-comic.pstatic.net/webtoon/183559/491/20210514182911_dbea6b56de3390950232a3f53cbb677b_IMAG01_47.jpg'),(48,'https://comic.naver.com/webtoon/detail.nhn?titleId=183559&no=491','https://image-comic.pstatic.net/webtoon/183559/491/20210514182911_dbea6b56de3390950232a3f53cbb677b_IMAG01_48.jpg'),(49,'https://comic.naver.com/webtoon/detail.nhn?titleId=183559&no=491','https://image-comic.pstatic.net/webtoon/183559/491/20210514182911_dbea6b56de3390950232a3f53cbb677b_IMAG01_49.jpg'),(50,'https://comic.naver.com/webtoon/detail.nhn?titleId=183559&no=491','https://image-comic.pstatic.net/webtoon/183559/491/20210514182911_dbea6b56de3390950232a3f53cbb677b_IMAG01_50.jpg'),(51,'https://comic.naver.com/webtoon/detail.nhn?titleId=183559&no=491','https://image-comic.pstatic.net/webtoon/183559/491/20210514182911_dbea6b56de3390950232a3f53cbb677b_IMAG01_51.jpg'),(52,'https://comic.naver.com/webtoon/detail.nhn?titleId=183559&no=491','https://image-comic.pstatic.net/webtoon/183559/491/20210514182911_dbea6b56de3390950232a3f53cbb677b_IMAG01_52.jpg'),(53,'https://comic.naver.com/webtoon/detail.nhn?titleId=183559&no=491','https://image-comic.pstatic.net/webtoon/183559/491/20210514182911_dbea6b56de3390950232a3f53cbb677b_IMAG01_53.jpg'),(54,'https://comic.naver.com/webtoon/detail.nhn?titleId=183559&no=491','https://image-comic.pstatic.net/webtoon/183559/491/20210514182911_dbea6b56de3390950232a3f53cbb677b_IMAG01_54.jpg'),(55,'https://comic.naver.com/webtoon/detail.nhn?titleId=183559&no=491','https://image-comic.pstatic.net/webtoon/183559/491/20210514182911_dbea6b56de3390950232a3f53cbb677b_IMAG01_55.jpg'),(56,'https://comic.naver.com/webtoon/detail.nhn?titleId=183559&no=491','https://image-comic.pstatic.net/webtoon/183559/491/20210514182911_dbea6b56de3390950232a3f53cbb677b_IMAG01_56.jpg'),(57,'https://comic.naver.com/webtoon/detail.nhn?titleId=183559&no=491','https://image-comic.pstatic.net/webtoon/183559/491/20210514182911_dbea6b56de3390950232a3f53cbb677b_IMAG01_57.jpg'),(58,'https://comic.naver.com/webtoon/detail.nhn?titleId=183559&no=491','https://image-comic.pstatic.net/webtoon/183559/491/20210514182911_dbea6b56de3390950232a3f53cbb677b_IMAG01_58.jpg'),(59,'https://comic.naver.com/webtoon/detail.nhn?titleId=183559&no=491','https://image-comic.pstatic.net/webtoon/183559/491/20210514182911_dbea6b56de3390950232a3f53cbb677b_IMAG01_59.jpg'),(60,'https://comic.naver.com/webtoon/detail.nhn?titleId=183559&no=491','https://image-comic.pstatic.net/webtoon/183559/491/20210514182911_dbea6b56de3390950232a3f53cbb677b_IMAG01_60.jpg'),(61,'https://comic.naver.com/webtoon/detail.nhn?titleId=183559&no=491','https://image-comic.pstatic.net/webtoon/183559/491/20210514182911_dbea6b56de3390950232a3f53cbb677b_IMAG01_61.jpg'),(62,'https://comic.naver.com/webtoon/detail.nhn?titleId=183559&no=491','https://image-comic.pstatic.net/webtoon/183559/491/20210514182911_dbea6b56de3390950232a3f53cbb677b_IMAG01_62.jpg'),(63,'https://comic.naver.com/webtoon/detail.nhn?titleId=183559&no=491','https://image-comic.pstatic.net/webtoon/183559/491/20210514182911_dbea6b56de3390950232a3f53cbb677b_IMAG01_63.jpg'),(64,'https://comic.naver.com/webtoon/detail.nhn?titleId=183559&no=491','https://image-comic.pstatic.net/webtoon/183559/491/20210514182911_dbea6b56de3390950232a3f53cbb677b_IMAG01_64.jpg'),(65,'https://comic.naver.com/webtoon/detail.nhn?titleId=183559&no=491','https://image-comic.pstatic.net/webtoon/183559/491/20210514182911_dbea6b56de3390950232a3f53cbb677b_IMAG01_65.jpg'),(66,'https://comic.naver.com/webtoon/detail.nhn?titleId=183559&no=491','https://image-comic.pstatic.net/webtoon/183559/491/20210514182911_dbea6b56de3390950232a3f53cbb677b_IMAG01_66.jpg'),(67,'https://comic.naver.com/webtoon/detail.nhn?titleId=183559&no=491','https://image-comic.pstatic.net/webtoon/183559/491/20210514182911_dbea6b56de3390950232a3f53cbb677b_IMAG01_67.jpg'),(68,'https://comic.naver.com/webtoon/detail.nhn?titleId=183559&no=491','https://image-comic.pstatic.net/webtoon/183559/491/20210514182911_dbea6b56de3390950232a3f53cbb677b_IMAG01_68.jpg'),(69,'https://comic.naver.com/webtoon/detail.nhn?titleId=183559&no=491','https://image-comic.pstatic.net/webtoon/183559/491/20210514182911_dbea6b56de3390950232a3f53cbb677b_IMAG01_69.jpg'),(70,'https://comic.naver.com/webtoon/detail.nhn?titleId=183559&no=491','https://image-comic.pstatic.net/webtoon/183559/491/20210514182911_dbea6b56de3390950232a3f53cbb677b_IMAG01_70.jpg'),(71,'https://comic.naver.com/webtoon/detail.nhn?titleId=183559&no=491','https://image-comic.pstatic.net/webtoon/183559/491/20210514182911_dbea6b56de3390950232a3f53cbb677b_IMAG01_71.jpg'),(72,'https://comic.naver.com/webtoon/detail.nhn?titleId=183559&no=491','https://image-comic.pstatic.net/webtoon/183559/491/20210514182911_dbea6b56de3390950232a3f53cbb677b_IMAG01_72.jpg'),(73,'https://comic.naver.com/webtoon/detail.nhn?titleId=183559&no=491','https://image-comic.pstatic.net/webtoon/183559/491/20210514182911_dbea6b56de3390950232a3f53cbb677b_IMAG01_73.jpg'),(74,'https://comic.naver.com/webtoon/detail.nhn?titleId=183559&no=491','https://image-comic.pstatic.net/webtoon/183559/491/20210514182911_dbea6b56de3390950232a3f53cbb677b_IMAG01_74.jpg'),(75,'https://comic.naver.com/webtoon/detail.nhn?titleId=183559&no=491','https://image-comic.pstatic.net/webtoon/183559/491/20210514182911_dbea6b56de3390950232a3f53cbb677b_IMAG01_75.jpg'),(76,'https://comic.naver.com/webtoon/detail.nhn?titleId=183559&no=491','https://image-comic.pstatic.net/webtoon/183559/491/20210514182911_dbea6b56de3390950232a3f53cbb677b_IMAG01_76.jpg'),(77,'https://comic.naver.com/webtoon/detail.nhn?titleId=183559&no=491','https://image-comic.pstatic.net/webtoon/183559/491/20210514182911_dbea6b56de3390950232a3f53cbb677b_IMAG01_77.jpg'),(78,'https://comic.naver.com/webtoon/detail.nhn?titleId=183559&no=491','https://image-comic.pstatic.net/webtoon/183559/491/20210514182911_dbea6b56de3390950232a3f53cbb677b_IMAG01_78.jpg'),(79,'https://comic.naver.com/webtoon/detail.nhn?titleId=183559&no=491','https://image-comic.pstatic.net/webtoon/183559/491/20210514182911_dbea6b56de3390950232a3f53cbb677b_IMAG01_79.jpg'),(80,'https://comic.naver.com/webtoon/detail.nhn?titleId=183559&no=491','https://image-comic.pstatic.net/webtoon/183559/491/20210514182911_dbea6b56de3390950232a3f53cbb677b_IMAG01_80.jpg'),(81,'https://comic.naver.com/webtoon/detail.nhn?titleId=183559&no=491','https://image-comic.pstatic.net/webtoon/183559/491/20210514182911_dbea6b56de3390950232a3f53cbb677b_IMAG01_81.jpg'),(82,'https://comic.naver.com/webtoon/detail.nhn?titleId=183559&no=491','https://image-comic.pstatic.net/webtoon/183559/491/20210514182911_dbea6b56de3390950232a3f53cbb677b_IMAG01_82.jpg'),(83,'https://comic.naver.com/webtoon/detail.nhn?titleId=183559&no=491','https://image-comic.pstatic.net/webtoon/183559/491/20210514182911_dbea6b56de3390950232a3f53cbb677b_IMAG01_83.jpg'),(84,'https://comic.naver.com/webtoon/detail.nhn?titleId=183559&no=491','https://image-comic.pstatic.net/webtoon/183559/491/20210514182911_dbea6b56de3390950232a3f53cbb677b_IMAG01_84.jpg'),(85,'https://comic.naver.com/webtoon/detail.nhn?titleId=183559&no=491','https://image-comic.pstatic.net/webtoon/183559/491/20210514182911_dbea6b56de3390950232a3f53cbb677b_IMAG01_85.jpg'),(86,'https://comic.naver.com/webtoon/detail.nhn?titleId=183559&no=491','https://image-comic.pstatic.net/webtoon/183559/491/20210514182911_dbea6b56de3390950232a3f53cbb677b_IMAG01_86.jpg'),(87,'https://comic.naver.com/webtoon/detail.nhn?titleId=183559&no=491','https://image-comic.pstatic.net/webtoon/183559/491/20210514182911_dbea6b56de3390950232a3f53cbb677b_IMAG01_87.jpg'),(88,'https://comic.naver.com/webtoon/detail.nhn?titleId=183559&no=491','https://image-comic.pstatic.net/webtoon/183559/491/20210514182911_dbea6b56de3390950232a3f53cbb677b_IMAG01_88.jpg'),(89,'https://comic.naver.com/webtoon/detail.nhn?titleId=183559&no=491','https://image-comic.pstatic.net/webtoon/183559/491/20210514182911_dbea6b56de3390950232a3f53cbb677b_IMAG01_89.jpg'),(90,'https://comic.naver.com/webtoon/detail.nhn?titleId=183559&no=491','https://image-comic.pstatic.net/webtoon/183559/491/20210514182911_dbea6b56de3390950232a3f53cbb677b_IMAG01_90.jpg'),(91,'https://comic.naver.com/webtoon/detail.nhn?titleId=183559&no=491','https://image-comic.pstatic.net/webtoon/183559/491/20210514182911_dbea6b56de3390950232a3f53cbb677b_IMAG01_91.jpg'),(92,'https://comic.naver.com/webtoon/detail.nhn?titleId=183559&no=491','https://image-comic.pstatic.net/webtoon/183559/491/20210514182911_dbea6b56de3390950232a3f53cbb677b_IMAG01_92.jpg'),(93,'https://comic.naver.com/webtoon/detail.nhn?titleId=183559&no=491','https://image-comic.pstatic.net/webtoon/183559/491/20210514182911_dbea6b56de3390950232a3f53cbb677b_IMAG01_93.jpg'),(94,'https://comic.naver.com/webtoon/detail.nhn?titleId=183559&no=491','https://image-comic.pstatic.net/webtoon/183559/491/20210514182911_dbea6b56de3390950232a3f53cbb677b_IMAG01_94.jpg'),(95,'https://comic.naver.com/webtoon/detail.nhn?titleId=183559&no=491','https://image-comic.pstatic.net/webtoon/183559/491/20210514182911_dbea6b56de3390950232a3f53cbb677b_IMAG01_95.jpg'),(96,'https://comic.naver.com/webtoon/detail.nhn?titleId=183559&no=491','https://image-comic.pstatic.net/webtoon/183559/491/20210514182911_dbea6b56de3390950232a3f53cbb677b_IMAG01_96.jpg'),(97,'https://comic.naver.com/webtoon/detail.nhn?titleId=183559&no=491','https://image-comic.pstatic.net/webtoon/183559/491/20210514182911_dbea6b56de3390950232a3f53cbb677b_IMAG01_97.jpg'),(98,'https://comic.naver.com/webtoon/detail.nhn?titleId=183559&no=491','https://image-comic.pstatic.net/webtoon/183559/491/20210514182911_dbea6b56de3390950232a3f53cbb677b_IMAG01_98.jpg'),(99,'https://comic.naver.com/webtoon/detail.nhn?titleId=183559&no=491','https://image-comic.pstatic.net/webtoon/183559/491/20210514182911_dbea6b56de3390950232a3f53cbb677b_IMAG01_99.jpg'),(100,'https://comic.naver.com/webtoon/detail.nhn?titleId=183559&no=491','https://image-comic.pstatic.net/webtoon/183559/491/20210514182911_dbea6b56de3390950232a3f53cbb677b_IMAG01_100.jpg'),(101,'https://comic.naver.com/webtoon/detail.nhn?titleId=183559&no=491','https://image-comic.pstatic.net/webtoon/183559/491/20210514182911_dbea6b56de3390950232a3f53cbb677b_IMAG01_101.jpg'),(102,'https://comic.naver.com/webtoon/detail.nhn?titleId=183559&no=491','https://image-comic.pstatic.net/webtoon/183559/491/20210514182911_dbea6b56de3390950232a3f53cbb677b_IMAG01_102.jpg'),(103,'https://comic.naver.com/webtoon/detail.nhn?titleId=183559&no=491','https://image-comic.pstatic.net/webtoon/183559/491/20210514182911_dbea6b56de3390950232a3f53cbb677b_IMAG01_103.jpg'),(104,'https://comic.naver.com/webtoon/detail.nhn?titleId=183559&no=491','https://image-comic.pstatic.net/webtoon/183559/491/20210514182911_dbea6b56de3390950232a3f53cbb677b_IMAG01_104.jpg'),(105,'https://comic.naver.com/webtoon/detail.nhn?titleId=183559&no=491','https://image-comic.pstatic.net/webtoon/183559/491/20210514182911_dbea6b56de3390950232a3f53cbb677b_IMAG01_105.jpg'),(106,'https://comic.naver.com/webtoon/detail.nhn?titleId=183559&no=491','https://image-comic.pstatic.net/webtoon/183559/491/20210514182911_dbea6b56de3390950232a3f53cbb677b_IMAG01_106.jpg'),(107,'https://comic.naver.com/webtoon/detail.nhn?titleId=183559&no=491','https://image-comic.pstatic.net/webtoon/183559/491/20210514182911_dbea6b56de3390950232a3f53cbb677b_IMAG01_107.jpg'),(108,'https://comic.naver.com/webtoon/detail.nhn?titleId=183559&no=491','https://image-comic.pstatic.net/webtoon/183559/491/20210514182911_dbea6b56de3390950232a3f53cbb677b_IMAG01_108.jpg'),(109,'https://comic.naver.com/webtoon/detail.nhn?titleId=183559&no=491','https://image-comic.pstatic.net/webtoon/183559/491/20210514182911_dbea6b56de3390950232a3f53cbb677b_IMAG01_109.jpg'),(110,'https://comic.naver.com/webtoon/detail.nhn?titleId=183559&no=491','https://image-comic.pstatic.net/webtoon/183559/491/20210514182911_dbea6b56de3390950232a3f53cbb677b_IMAG01_110.jpg'),(111,'https://comic.naver.com/webtoon/detail.nhn?titleId=183559&no=491','https://image-comic.pstatic.net/webtoon/183559/491/20210514182911_dbea6b56de3390950232a3f53cbb677b_IMAG01_111.jpg'),(112,'https://comic.naver.com/webtoon/detail.nhn?titleId=183559&no=491','https://image-comic.pstatic.net/webtoon/183559/491/20210514182911_dbea6b56de3390950232a3f53cbb677b_IMAG01_112.jpg'),(113,'https://comic.naver.com/webtoon/detail.nhn?titleId=183559&no=491','https://image-comic.pstatic.net/webtoon/183559/491/20210514182911_dbea6b56de3390950232a3f53cbb677b_IMAG01_113.jpg'),(114,'https://comic.naver.com/webtoon/detail.nhn?titleId=183559&no=491','https://image-comic.pstatic.net/webtoon/183559/491/20210514182911_dbea6b56de3390950232a3f53cbb677b_IMAG01_114.jpg'),(115,'https://comic.naver.com/webtoon/detail.nhn?titleId=183559&no=491','https://image-comic.pstatic.net/webtoon/183559/491/20210514182911_dbea6b56de3390950232a3f53cbb677b_IMAG01_115.jpg'),(116,'https://comic.naver.com/webtoon/detail.nhn?titleId=183559&no=491','https://image-comic.pstatic.net/webtoon/183559/491/20210514182911_dbea6b56de3390950232a3f53cbb677b_IMAG01_116.jpg'),(117,'https://comic.naver.com/webtoon/detail.nhn?titleId=183559&no=491','https://image-comic.pstatic.net/webtoon/183559/491/20210514182911_dbea6b56de3390950232a3f53cbb677b_IMAG01_117.jpg'),(118,'https://comic.naver.com/webtoon/detail.nhn?titleId=183559&no=491','https://image-comic.pstatic.net/webtoon/183559/491/20210514182911_dbea6b56de3390950232a3f53cbb677b_IMAG01_118.jpg'),(119,'https://comic.naver.com/webtoon/detail.nhn?titleId=183559&no=491','https://image-comic.pstatic.net/webtoon/183559/491/20210514182911_dbea6b56de3390950232a3f53cbb677b_IMAG01_119.jpg'),(120,'https://comic.naver.com/webtoon/detail.nhn?titleId=183559&no=491','https://image-comic.pstatic.net/webtoon/183559/491/20210514182911_dbea6b56de3390950232a3f53cbb677b_IMAG01_120.jpg'),(121,'https://comic.naver.com/webtoon/detail.nhn?titleId=183559&no=491','https://image-comic.pstatic.net/webtoon/183559/491/20210514182911_dbea6b56de3390950232a3f53cbb677b_IMAG01_121.jpg'),(122,'https://comic.naver.com/webtoon/detail.nhn?titleId=183559&no=491','https://image-comic.pstatic.net/webtoon/183559/491/20210514182911_dbea6b56de3390950232a3f53cbb677b_IMAG01_122.jpg'),(123,'https://comic.naver.com/webtoon/detail.nhn?titleId=183559&no=491','https://image-comic.pstatic.net/webtoon/183559/491/20210514182911_dbea6b56de3390950232a3f53cbb677b_IMAG01_123.jpg'),(124,'https://comic.naver.com/webtoon/detail.nhn?titleId=183559&no=491','https://image-comic.pstatic.net/webtoon/183559/491/20210514182911_dbea6b56de3390950232a3f53cbb677b_IMAG01_124.jpg'),(125,'https://comic.naver.com/webtoon/detail.nhn?titleId=183559&no=491','https://image-comic.pstatic.net/webtoon/183559/491/20210514182911_dbea6b56de3390950232a3f53cbb677b_IMAG01_125.jpg'),(126,'https://comic.naver.com/webtoon/detail.nhn?titleId=183559&no=491','https://image-comic.pstatic.net/webtoon/183559/491/20210514182911_dbea6b56de3390950232a3f53cbb677b_IMAG01_126.jpg'),(127,'https://comic.naver.com/webtoon/detail.nhn?titleId=183559&no=491','https://image-comic.pstatic.net/webtoon/183559/491/20210514182911_dbea6b56de3390950232a3f53cbb677b_IMAG01_127.jpg');
/*!40000 ALTER TABLE `webtoon_view` ENABLE KEYS */;
UNLOCK TABLES;
/*!40103 SET TIME_ZONE=@OLD_TIME_ZONE */;

/*!40101 SET SQL_MODE=@OLD_SQL_MODE */;
/*!40014 SET FOREIGN_KEY_CHECKS=@OLD_FOREIGN_KEY_CHECKS */;
/*!40014 SET UNIQUE_CHECKS=@OLD_UNIQUE_CHECKS */;
/*!40101 SET CHARACTER_SET_CLIENT=@OLD_CHARACTER_SET_CLIENT */;
/*!40101 SET CHARACTER_SET_RESULTS=@OLD_CHARACTER_SET_RESULTS */;
/*!40101 SET COLLATION_CONNECTION=@OLD_COLLATION_CONNECTION */;
/*!40111 SET SQL_NOTES=@OLD_SQL_NOTES */;

-- Dump completed on 2021-06-07 19:09:53
